Workbook

Sheet Dashboard
B2: =VaR!AU1 -> n=60 | F2: =VaR!AY1 -> % | H2: =VaR!BA1 -> Base Unit | J2: =VaR!BC1 -> $/MT
B3: =VaR!AU2 -> Unit | C3: =VaR!AV2 -> Commodity | D3: =VaR!AW2 -> Mean | E3: =VaR!AX2 -> σ | F3: =VaR!AY2 -> Z_95 | G3: =VaR!AZ2 -> Z_99 | H3: =VaR!BA2 -> Z_95 | I3: =VaR!BB2 -> Z_99 | ... K3: =VaR!BD2 -> Z_99
B4: =VaR!AU3 -> c/bu | C4: =VaR!AV3 -> Wheat | D4: =VaR!AW3 -> -0.0016325426 | E4: =VaR!AX3 -> 0.018083156 | F4: =VaR!AY3 -> 0.029744145 | G4: =VaR!AZ3 -> 0.042067712 | H4: =VaR!BA3 -> 20.966415 | I4: =VaR!BB3 -> 29.653201 | ... K4: =VaR!BD3 -> 10.894586
B5: =VaR!AU4 -> c/bu | C5: =VaR!AV4 -> Kansas Wheat | D5: =VaR!AW4 -> -0.0018955796 | E5: =VaR!AX4 -> 0.016569398 | F5: =VaR!AY4 -> 0.027254235 | G5: =VaR!AZ4 -> 0.038546185 | H5: =VaR!BA4 -> 20.831967 | I5: =VaR!BB4 -> 29.463048 | ... K5: =VaR!BD4 -> 10.824724
B6: =VaR!AU5 -> $/bu | C6: =VaR!AV5 -> Minneapolis Wheat | D6: =VaR!AW5 -> -0.0018797939 | E6: =VaR!AX5 -> 0.013756671 | F6: =VaR!AY5 -> 0.02262771 | G6: =VaR!AZ5 -> 0.032002802 | H6: =VaR!BA5 -> 0.16523753 | I6: =VaR!BB5 -> 0.2336986 | ... K6: =VaR!BD5 -> 8.5860865
B7: =VaR!AU6 -> c/bu | C7: =VaR!AV6 -> Corn | D7: =VaR!AW6 -> -0.00015340277 | E7: =VaR!AX6 -> 0.014975787 | F7: =VaR!AY6 -> 0.024632978 | G7: =VaR!AZ6 -> 0.034838891 | H7: =VaR!BA6 -> 12.269659 | I7: =VaR!BB6 -> 17.353213 | ... K7: =VaR!BD6 -> 6.8302245
B8: =VaR!AU7 -> c/bu | C8: =VaR!AV7 -> Soy | D8: =VaR!AW7 -> 0.0002763678 | E8: =VaR!AX7 -> 0.011235609 | F8: =VaR!AY7 -> 0.018480932 | G8: =VaR!AZ7 -> 0.026137935 | H8: =VaR!BA7 -> 23.41738 | I8: =VaR!BB7 -> 33.119647 | ... K8: =VaR!BD7 -> 12.168158
B9: =VaR!AU8 -> $/st | C9: =VaR!AV8 -> SBM | D9: =VaR!AW8 -> 0.0015280748 | E9: =VaR!AX8 -> 0.014742805 | F9: =VaR!AY8 -> 0.024249756 | G9: =VaR!AZ8 -> 0.034296892 | H9: =VaR!BA8 -> 8.4956408 | I9: =VaR!BB8 -> 12.015547 | ... K9: =VaR!BD8 -> 13.244737
B10: =VaR!AU9 -> c/lb | C10: =VaR!AV9 -> SBO | D10: =VaR!AW9 -> -0.0015858826 | E10: =VaR!AX9 -> 0.014886736 | F10: =VaR!AY9 -> 0.024486501 | G10: =VaR!AZ9 -> 0.034631726 | H10: =VaR!BA9 -> 1.7092733 | I10: =VaR!BB9 -> 2.4174578 | ... K10: =VaR!BD9 -> 53.280771
B11: =VaR!AU10 -> myr/MT | C11: =VaR!AV10 -> CPO | D11: =VaR!AW10 -> 0.00028148589 | E11: =VaR!AX10 -> 0.0099225393 | F11: =VaR!AY10 -> 0.016321125 | G11: =VaR!AZ10 -> 0.023083278 | H11: =VaR!BA10 -> 77.897244 | I11: =VaR!BB10 -> 110.17156 | ... K11: =VaR!BD10 -> 26.547364
B12: =VaR!AU11 -> cny/MT | C12: =VaR!AV11 -> DCE Palm | D12: =VaR!AW11 -> -8.0373658e-06 | E12: =VaR!AX11 -> 0.0080864081 | F12: =VaR!AY11 -> 0.013300958 | G12: =VaR!AZ11 -> 0.018811798 | H12: =VaR!BA11 -> 131.39846 | I12: =VaR!BB11 -> 185.83935 | ... K12: =VaR!BD11 -> 26.101032
B13: =VaR!AU12 -> cny/MT | C13: =VaR!AV12 -> DCE Meal | D13: =VaR!AW12 -> 0.00095749763 | E13: =VaR!AX12 -> 0.0075171136 | F13: =VaR!AY12 -> 0.012364552 | G13: =VaR!AZ12 -> 0.017487421 | H13: =VaR!BA12 -> 40.847205 | I13: =VaR!BB12 -> 57.770981 | ... K13: =VaR!BD12 -> 8.1139018
B14: =VaR!AU13 -> cny/MT | C14: =VaR!AV13 -> DCE BO | D14: =VaR!AW13 -> 0.00061414362 | E14: =VaR!AX13 -> 0.0062962084 | F14: =VaR!AY13 -> 0.010356341 | G14: =VaR!AZ13 -> 0.014647171 | H14: =VaR!BA13 -> 91.621523 | I14: =VaR!BB13 -> 129.58207 | ... K14: =VaR!BD13 -> 18.199729
... B19: =VaR!AU18 -> $/gal | C19: =VaR!AV18 -> Ethanol | D19: =VaR!AW18 -> 0.0018240936 | E19: =VaR!AX18 -> 0.011249487 | F19: =VaR!AY18 -> 0.018503759 | G19: =VaR!AZ18 -> 0.02617022 | H19: =VaR!BA18 -> 0.03809896 | I19: =VaR!BB18 -> 0.053884086 | ... K19: =VaR!BD18 -> 18.040392
B20: =VaR!AU19 -> $/gal | C20: =VaR!AV19 -> Heating Oil | D20: =VaR!AW19 -> 0.0046007422 | E20: =VaR!AX19 -> 0.024186073 | F20: =VaR!AY19 -> 0.03978255 | G20: =VaR!AZ19 -> 0.05626522 | H20: =VaR!BA19 -> 0.1641162 | I20: =VaR!BB19 -> 0.23211267 | ... K20: =VaR!BD19 -> 72.16383 | R20: `
B21: =VaR!AU20 -> $/MT | C21: =VaR!AV20 -> ICE GO | D21: =VaR!AW20 -> 0.0055420811 | E21: =VaR!AX20 -> 0.02663124 | F21: =VaR!AY20 -> 0.043804492 | G21: =VaR!AZ20 -> 0.061953528 | H21: =VaR!BA20 -> 53.286937 | I21: =VaR!BB20 -> 75.364732 | ... K21: =VaR!BD20 -> 75.364732
B22: =VaR!AU21 -> $/bl | C22: =VaR!AV21 -> Light Crude | D22: =VaR!AW21 -> 0.003761533 | E22: =VaR!AX21 -> 0.022116392 | F22: =VaR!AY21 -> 0.036378228 | G22: =VaR!AZ21 -> 0.051450422 | H22: =VaR!BA21 -> 3.0421332 | I22: =VaR!BB21 -> 4.302547 | ... K22: =VaR!BD21 -> 32.183052
B23: =VaR!AU22 -> $/bl | C23: =VaR!AV22 -> Brent Crude | D23: =VaR!AW22 -> 0.004287495 | E23: =VaR!AX22 -> 0.021319156 | F23: =VaR!AY22 -> 0.035066891 | G23: =VaR!AZ22 -> 0.049595774 | H23: =VaR!BA22 -> 3.0826224 | I23: =VaR!BB22 -> 4.3598117 | ... K23: =VaR!BD22 -> 32.611391
B24: =VaR!AU23 -> $/bl | C24: =VaR!AV23 -> RBOB | D24: =VaR!AW23 -> 0.0028360479 | E24: =VaR!AX23 -> 0.020465027 | F24: =VaR!AY23 -> 0.033661974 | G24: =VaR!AZ23 -> 0.047608773 | H24: =VaR!BA23 -> 0.094097821 | I24: =VaR!BB23 -> 0.13308434 | ... K24: =VaR!BD23 -> 46.57952

Sheet Instrument
B1: =_xlfn.XLOOKUP(MAX(C3:C101), C3:C101, B3:B101) -> /WZ26 | E1: =_xlfn.XLOOKUP(MAX(F3:F101), F3:F101, E3:E101) -> /KWZ26 | H1: =_xlfn.XLOOKUP(MAX(I3:I101), I3:I101, H3:H101) -> /MWEZ26 | K1: =_xlfn.XLOOKUP(MAX(L3:L101), L3:L101, K3:K101) -> /CZ26 | N1: =_xlfn.XLOOKUP(MAX(O3:O101), O3:O101, N3:N101) -> /SF27 | Q1: =_xlfn.XLOOKUP(MAX(R3:R101), R3:R101, Q3:Q101) -> /SMZ26 | T1: =_xlfn.XLOOKUP(MAX(U3:U101), U3:U101, T3:T101) -> /BOZ26 | W1: =_xlfn.XLOOKUP(MAX(X4:X102), X4:X102, W4:W102) -> /FCPOF27 | Z1: =_xlfn.XLOOKUP(MAX(AA3:AA101), AA3:AA101, Z3:Z101) -> /DCPF7 | AC1: =_xlfn.XLOOKUP(MAX(AD3:AD101), AD3:AD101, AC3:AC101) -> /DSMF7 | AF1: =_xlfn.XLOOKUP(MAX(AG3:AG101), AG3:AG101, AF3:AF101) -> /DBYF7 | AI1: =_xlfn.XLOOKUP(MAX(AJ3:AJ101), AJ3:AJ101, AI3:AI101) -> /CRSMF7 | AL1: =_xlfn.XLOOKUP(MAX(AM3:AM101), AM3:AM101, AL3:AL101) -> /COIF7 | AO1: =_xlfn.XLOOKUP(MAX(AP3:AP101), AP3:AP101, AO3:AO101) -> /COMG7 | AR1: =_xlfn.XLOOKUP(MAX(AS3:AS101), AS3:AS101, AR3:AR101) -> /RSF7 | AU1: =_xlfn.XLOOKUP(MAX(AV3:AV101), AV3:AV101, AU3:AU101) -> /CUUV26 | AX1: =_xlfn.XLOOKUP(MAX(AY3:AY101), AY3:AY101, AX3:AX101) -> /HOZ26 | BA1: =_xlfn.XLOOKUP(MAX(BB4:BB102), BB4:BB102, BA4:BA102) -> /LGOZ6 | BD1: =_xlfn.XLOOKUP(MAX(BE3:BE101), BE3:BE101, BD3:BD101) -> /CLZ26 | BG1: =_xlfn.XLOOKUP(MAX(BH3:BH101), BH3:BH101, BG3:BG101) -> /RBZ26 | BJ1: =_xlfn.XLOOKUP(MAX(BK4:BK102), BK4:BK102, BJ4:BJ102) -> /LCOF7
A3: 0#W: | B3: =_xll.TR(A3,B2) -> /WZ26 | C3: =_xll.TR(B3:B15,"TR.OPENINTEREST",C2) -> 248802 | D3: 0#KW: | E3: =_xll.TR(D3,E2) -> /KWZ26 | F3: =_xll.TR(E3:E27,"TR.OPENINTEREST",F2) -> 146164 | G3: 0#MWE: | H3: =_xll.TR(G3,H2) -> /MWEZ26 | I3: =_xll.TR(H3:H27,"TR.OPENINTEREST",I2) -> 44066 | J3: 0#C: | K3: =_xll.TR(J3,K2) -> /CZ26 | L3: =_xll.TR(K3:K27,"TR.OPENINTEREST",L2) -> 782965 | M3: 0#S: | N3: =_xll.TR(M3,N2) -> /SX26 | O3: =_xll.TR(N3:N27,"TR.OPENINTEREST",O2) -> 191184 | P3: 0#SM: | Q3: =_xll.TR(P3,Q2) -> /SMZ26 | R3: =_xll.TR(Q3:Q27,"TR.OPENINTEREST",R2) -> 231259 | S3: 0#BO: | T3: =_xll.TR(S3,T2) -> /BOZ26 | U3: =_xll.TR(T3:T27,"TR.OPENINTEREST",U2) -> 202072 | V3: 0#FCPO: | W3: =_xll.TR(V3,W2) -> /FCPO-TOT | X3: =_xll.TR(W3:W27,"TR.OPENINTEREST",X2) -> 342738 | Y3: 0#DCP: | Z3: =_xll.TR(Y3,Z2) -> /DCPX6 | AA3: =_xll.TR(Z3:Z27,"TR.OPENINTEREST",AA2) -> 27873 | AB3: 0#DSM: | AC3: =_xll.TR(AB3,AC2) -> /DSMX6 | AD3: =_xll.TR(AC3:AC27,"TR.OPENINTEREST",AD2) -> 197055 | AE3: 0#DBY: | AF3: =_xll.TR(AE3,AF2) -> /DBYX6 | AG3: =_xll.TR(AF3:AF27,"TR.OPENINTEREST",AG2) -> 72868 | AH3: 0#CRSM: | AI3: =_xll.TR(AH3,AI2) -> /CRSMX6 | AJ3: =_xll.TR(AI3:AI27,"TR.OPENINTEREST",AJ2) -> 16974 | AK3: 0#COI: | AL3: =_xll.TR(AK3,AL2) -> /COIX6 | AM3: =_xll.TR(AL3:AL27,"TR.OPENINTEREST",AM2) -> 14740 | AN3: 0#COM: | AO3: =_xll.TR(AN3,AO2) -> /COMX6 | AP3: =_xll.TR(AO3:AO27,"TR.OPENINTEREST",AP2) -> 4363 | AQ3: 0#RS: | AR3: =_xll.TR(AQ3,AR2) -> /RSX6 | AS3: =_xll.TR(AR3:AR27,"TR.OPENINTEREST",AS2) -> 56219 | AT3: 0#CUU: | AU3: =_xll.TR(AT3,AU2) -> /CUUV26 | AV3: =_xll.TR(AU3:AU27,"TR.OPENINTEREST",AV2) -> 8455 | AW3: 0#HO: | AX3: =_xll.TR(AW3,AX2) -> /HOX26 | AY3: =_xll.TR(AX3:AX27,"TR.OPENINTEREST",AY2) -> 26757 | AZ3: 0#LGO: | BA3: =_xll.TR(AZ3,BA2) -> /LGOTOT | BB3: =_xll.TR(BA3:BA27,"TR.OPENINTEREST",BB2) -> 718887 | BC3: 0#CL: | BD3: =_xll.TR(BC3,BD2) -> /CLZ26 | BE3: =_xll.TR(BD3:BD27,"TR.OPENINTEREST",BE2) -> 312676 | BF3: 0#RB: | BG3: =_xll.TR(BF3,BG2) -> /RBX26 | BH3: =_xll.TR(BG3:BG27,"TR.OPENINTEREST",BH2) -> 31505 | BI3: 0#LCO: | BJ3: =_xll.TR(BI3,BJ2) -> /LCOTOT | BK3: =_xll.TR(BJ3:BJ27,"TR.OPENINTEREST",BK2) -> 2623750
B4: /WH27 | C4: 136249 | E4: /KWH27 | F4: 90754 | H4: /MWEH27 | I4: 21172 | K4: /CH27 | L4: 436845 | N4: /SF27 | O4: 331274 | Q4: /SMF27 | R4: 158202 | T4: /BOF27 | U4: 126000 | W4: /FCPOX26 | X4: 8506 | Z4: /DCPZ6 | AA4: 37917 | AC4: /DSMZ6 | AD4: 299087 | AF4: /DBYZ6 | AG4: 106390 | AI4: /CRSMF7 | AJ4: 683596 | AL4: /COIF7 | AM4: 374965 | AO4: /COMG7 | AP4: 108130 | AR4: /RSF7 | AS4: 158886 | AU4: /CUUX26 | AV4: 7912 | AX4: /HOZ26 | AY4: 67258 | BA4: /LGOX6 | BB4: 112300 | BD4: /CLF27 | BE4: 171998 | BG4: /RBZ26 | BH4: 107980 | BJ4: /LCOZ6 | BK4: 371648
B5: /WK27 | C5: 50668 | E5: /KWK27 | F5: 34249 | H5: /MWEK27 | I5: 4866 | K5: /CK27 | L5: 187222 | N5: /SH27 | O5: 199474 | Q5: /SMH27 | R5: 115067 | T5: /BOH27 | U5: 86329 | W5: /FCPOZ26 | X5: 50806 | Z5: /DCPF7 | AA5: 554091 | AC5: /DSMF7 | AD5: 2249050 | AF5: /DBYF7 | AG5: 536750 | AI5: /CRSMH7 | AJ5: 255496 | AL5: /COIH7 | AM5: 88115 | AO5: /COMK7 | AP5: 28814 | AR5: /RSH7 | AS5: 63775 | AU5: /CUUZ26 | AV5: 7702 | AX5: /HOF27 | AY5: 43321 | BA5: /LGOZ6 | BB5: 155578 | BD5: /CLG27 | BE5: 86797 | BG5: /RBF27 | BH5: 60260 | BJ5: /LCOF7 | BK5: 544488
B6: /WN27 | C6: 63921 | E6: /KWN27 | F6: 37748 | H6: /MWEN27 | I6: 1839 | K6: /CN27 | L6: 200777 | N6: /SK27 | O6: 117781 | Q6: /SMK27 | R6: 54105 | T6: /BOK27 | U6: 64272 | W6: /FCPOF27 | X6: 70502 | Z6: /DCPG7 | AA6: 37802 | AC6: /DSMH7 | AD6: 471970 | AF6: /DBYH7 | AG6: 116946 | AI6: /CRSMK7 | AJ6: 173623 | AL6: /COIK7 | AM6: 72105 | AO6: /COMQ7 | AP6: 15087 | AR6: /RSK7 | AS6: 26341 | AU6: /CUUF27 | AV6: 4923 | AX6: /HOG27 | AY6: 22538 | BA6: /LGOF7 | BB6: 104040 | BD6: /CLH27 | BE6: 103728 | BG6: /RBG27 | BH6: 28839 | BJ6: /LCOG7 | BK6: 222199
B7: /WU27 | C7: 11368 | E7: /KWU27 | F7: 8493 | H7: /MWEU27 | I7: 2073 | K7: /CU27 | L7: 74052 | N7: /SN27 | O7: 112701 | Q7: /SMN27 | R7: 40065 | T7: /BON27 | U7: 64252 | W7: /FCPOG27 | X7: 30486 | Z7: /DCPH7 | AA7: 38741 | AC7: /DSMK7 | AD7: 901528 | AF7: /DBYK7 | AG7: 281604 | AI7: /CRSMN7 | AJ7: 18458 | AL7: /COIN7 | AM7: 976 | AO7: /COMX7 | AP7: 2558 | AR7: /RSN7 | AS7: 10094 | AU7: /CUUG27 | AV7: 3735 | AX7: /HOH27 | AY7: 23372 | BA7: /LGOG7 | BB7: 45147 | BD7: /CLJ27 | BE7: 58852 | BG7: /RBH27 | BH7: 33156 | BJ7: /LCOH7 | BK7: 181192
B8: /WZ27 | C8: 13277 | E8: /KWZ27 | F8: 4511 | H8: /MWEZ27 | I8: 538 | K8: /CZ27 | L8: 125718 | N8: /SQ27 | O8: 9858 | Q8: /SMQ27 | R8: 6794 | T8: /BOQ27 | U8: 7748 | W8: /FCPOH27 | X8: 33084 | Z8: /DCPJ7 | AA8: 5901 | AC8: /DSMN7 | AD8: 271927 | AF8: /DBYN7 | AG8: 56280 | AI8: /CRSMQ7 | AJ8: 1555 | AL8: /COIU7 | AM8: 2406 | AO8: /COMG8 | AP8: 668 | AR8: /RSU7 | AS8: NULL | AU8: /CUUH27 | AV8: 3262 | AX8: /HOJ27 | AY8: 10744 | BA8: /LGOH7 | BB8: 56946 | BD8: /CLK27 | BE8: 48837 | BG8: /RBJ27 | BH8: 19246 | BJ8: /LCOJ7 | BK8: 83677
B9: /WH28 | C9: 1168 | E9: /KWH28 | F9: 351 | H9: /MWEH28 | I9: NULL | K9: /CH28 | L9: 10285 | N9: /SU27 | O9: 7502 | Q9: /SMU27 | R9: 4269 | T9: /BOU27 | U9: 3910 | W9: /FCPOJ27 | X9: 27583 | Z9: /DCPK7 | AA9: 370699 | AC9: /DSMQ7 | AD9: 85830 | AF9: /DBYQ7 | AG9: 30526 | AI9: /CRSMU7 | AJ9: 5417 | AO9: /COMK8 | AP9: 0 | AR9: /RSX7 | AS9: 9755 | AU9: /CUUJ27 | AV9: 1883 | AX9: /HOK27 | AY9: 7394 | BA9: /LGOJ7 | BB9: 32412 | BD9: /CLM27 | BE9: 127919 | BG9: /RBK27 | BH9: 12927 | BJ9: /LCOK7 | BK9: 83349
B10: /WK28 | C10: 234 | E10: /KWK28 | F10: 78 | H10: /MWEK28 | I10: NULL | K10: /CK28 | L10: 3852 | N10: /SX27 | O10: 69056 | Q10: /SMV27 | R10: 3196 | T10: /BOV27 | U10: 3598 | W10: /FCPOK27 | X10: 40031 | Z10: /DCPM7 | AA10: 222 | AC10: /DSMU7 | AD10: 87969 | AF10: /DBYU7 | AG10: 7909 | AO10: /COMQ8 | AP10: 0 | AR10: /RSF8 | AS10: 366 | AU10: /CUUK27 | AV10: 661 | AX10: /HOM27 | AY10: 22094 | BA10: /LGOK7 | BB10: 25781 | BD10: /CLN27 | BE10: 47314 | BG10: /RBM27 | BH10: 17524 | BJ10: /LCOM7 | BK10: 162710
B11: /WN28 | C11: 765 | E11: /KWN28 | F11: 159 | H11: /MWEN28 | I11: NULL | K11: /CN28 | L11: 4328 | N11: /SF28 | O11: 6233 | Q11: /SMZ27 | R11: 8815 | T11: /BOZ27 | U11: 12075 | W11: /FCPOM27 | X11: 17393 | Z11: /DCPN7 | AA11: 818 | AO11: /COMX8 | AP11: 0 | AR11: /RSH8 | AS11: NULL | AU11: /CUUM27 | AV11: 1405 | AX11: /HON27 | AY11: 5430 | BA11: /LGOM7 | BB11: 35717 | BD11: /CLQ27 | BE11: 41354 | BG11: /RBN27 | BH11: 8389 | BJ11: /LCON7 | BK11: 54700
B12: /WU28 | C12: 42 | E12: /KWU28 | F12: 4 | H12: /MWEU28 | I12: NULL | K12: /CU28 | L12: 1293 | N12: /SH28 | O12: 3436 | Q12: /SMF28 | R12: 761 | T12: /BOF28 | U12: 485 | W12: /FCPON27 | X12: 18441 | Z12: /DCPQ7 | AA12: 387 | AO12: /COMG9 | AP12: 0 | AR12: /RSK8 | AS12: NULL | AU12: /CUUN27 | AV12: 589 | AX12: /HOQ27 | AY12: 3824 | BA12: /LGON7 | BB12: 19038 | BD12: /CLU27 | BE12: 55034 | BG12: /RBQ27 | BH12: 3133 | BJ12: /LCOQ7 | BK12: 54050
B13: /WZ28 | C13: 595 | E13: /KWZ28 | F13: 2 | H13: /MWEZ28 | I13: NULL | K13: /CZ28 | L13: 3872 | N13: /SK28 | O13: 920 | Q13: /SMH28 | R13: 519 | T13: /BOH28 | U13: 238 | W13: /FCPOQ27 | X13: 9030 | Z13: /DCPU7 | AA13: 69597 | AR13: /RSN8 | AS13: NULL | AU13: /CUUQ27 | AV13: 156 | AX13: /HOU27 | AY13: 4327 | BA13: /LGOQ7 | BB13: 15340 | BD13: /CLV27 | BE13: 42130 | BG13: /RBU27 | BH13: 3213 | BJ13: /LCOU7 | BK13: 72109
B14: /WH29 | C14: 3 | E14: /KWH29 | F14: NULL | H14: /MWEH29 | I14: NULL | K14: /CN29 | L14: 12 | N14: /SN28 | O14: 964 | Q14: /SMK28 | R14: 379 | T14: /BOK28 | U14: 134 | W14: /FCPOU27 | X14: 17635 | Z14: /DCPV7 | AA14: 2 | AR14: /RSU8 | AS14: NULL | AU14: /CUUU27 | AV14: 375 | AX14: /HOV27 | AY14: 3052 | BA14: /LGOU7 | BB14: 17775 | BD14: /CLX27 | BE14: 48387 | BG14: /RBV27 | BH14: 2236 | BJ14: /LCOV7 | BK14: 44509
B15: /WK29 | C15: 2 | E15: /KWK29 | F15: NULL | H15: /MWEK29 | I15: NULL | K15: /CZ29 | L15: 117 | N15: /SQ28 | O15: 13 | Q15: /SMN28 | R15: 291 | T15: /BON28 | U15: 41 | W15: /FCPOV27 | X15: 1254 | AU15: /CUUV27 | AV15: 146 | AX15: /HOX27 | AY15: 2914 | BA15: /LGOV7 | BB15: 11428 | BD15: /CLZ27 | BE15: 188435 | BG15: /RBX27 | BH15: 1846 | BJ15: /LCOX7 | BK15: 42182
B16: /WN29 | E16: /KWN29 | F16: NULL | H16: /MWEN29 | I16: NULL | L16: 91 | N16: /SU28 | O16: 20 | Q16: /SMQ28 | R16: 127 | T16: /BOQ28 | U16: 5 | W16: /FCPOX27 | X16: 10793 | AU16: /CUUX27 | AV16: 138 | AX16: /HOZ27 | AY16: 11311 | BA16: /LGOX7 | BB16: 9197 | BD16: /CLF28 | BE16: 40100 | BG16: /RBZ27 | BH16: 5884 | BJ16: /LCOZ7 | BK16: 189513
F17: NULL | H17: /MWEU29 | I17: NULL | L17: 58 | N17: /SX28 | O17: 305 | Q17: /SMU28 | R17: 139 | T17: /BOU28 | U17: 10 | W17: /FCPOF28 | X17: 1818 | AU17: /CUUZ27 | AV17: 243 | AX17: /HOF28 | AY17: 2086 | BA17: /LGOZ7 | BB17: 36676 | BD17: /CLG28 | BE17: 23216 | BG17: /RBF28 | BH17: 1748 | BJ17: /LCOF8 | BK17: 42459
L18: 17 | N18: /SN29 | O18: 4 | Q18: /SMV28 | R18: 128 | T18: /BOV28 | U18: 1 | W18: /FCPOH28 | X18: 1459 | AU18: /CUUF28 | AV18: NULL | AX18: /HOG28 | AY18: 414 | BA18: /LGOF8 | BB18: 7448 | BD18: /CLH28 | BE18: 29892 | BG18: /RBG28 | BH18: 289 | BJ18: /LCOG8 | BK18: 38866
L19: 14 | N19: /SX29 | O19: 12 | Q19: /SMZ28 | R19: 62 | T19: /BOZ28 | U19: 27 | W19: /FCPOK28 | X19: 66 | AU19: /CUUG28 | AV19: NULL | AX19: /HOH28 | AY19: 736 | BA19: /LGOG8 | BB19: 2914 | BD19: /CLJ28 | BE19: 26391 | BG19: /RBH28 | BH19: 391 | BJ19: /LCOH8 | BK19: 28418
L20: NULL | O20: 8 | R20: 60 | U20: 27 | W20: /FCPON28 | X20: 1 | AU20: /CUUH28 | AV20: NULL | AX20: /HOJ28 | AY20: 246 | BA20: /LGOH8 | BB20: 5629 | BD20: /CLK28 | BE20: 13419 | BG20: /RBJ28 | BH20: 118 | BJ20: /LCOJ8 | BK20: 8150
O21: 4 | R21: NULL | U21: NULL | W21: /FCPOU28 | X21: 0 | AU21: /CUUJ28 | AV21: NULL | AX21: /HOK28 | AY21: 137 | BA21: /LGOJ8 | BB21: 1678 | BD21: /CLM28 | BE21: 56719 | BG21: /RBK28 | BH21: 27 | BJ21: /LCOK8 | BK21: 10127
O22: 4 | R22: NULL | U22: NULL | W22: /FCPOX28 | X22: NULL | AU22: /CUUK28 | AV22: NULL | AX22: /HOM28 | AY22: 989 | BA22: /LGOK8 | BB22: 792 | BD22: /CLN28 | BE22: 13506 | BG22: /RBM28 | BH22: 264 | BJ22: /LCOM8 | BK22: 85122
O23: 2 | R23: NULL | U23: NULL | W23: /FCPOF29 | X23: NULL | AU23: /CUUM28 | AV23: NULL | AX23: /HON28 | AY23: 110 | BA23: /LGOM8 | BB23: 7993 | BD23: /CLQ28 | BE23: 12527 | BG23: /RBN28 | BH23: 14 | BJ23: /LCON8 | BK23: 9595
O24: 3 | R24: NULL | U24: NULL | W24: /FCPOH29 | X24: NULL | AU24: /CUUN28 | AV24: NULL | AX24: /HOQ28 | AY24: 93 | BA24: /LGON8 | BB24: 781 | BD24: /CLU28 | BE24: 23128 | BG24: /RBQ28 | BH24: 7 | BJ24: /LCOQ8 | BK24: 7685
O25: NULL | R25: NULL | U25: NULL | W25: /FCPOK29 | X25: NULL | AU25: /CUUQ28 | AV25: NULL | AX25: /HOU28 | AY25: 90 | BA25: /LGOQ8 | BB25: 893 | BD25: /CLV28 | BE25: 9126 | BG25: /RBU28 | BH25: 7 | BJ25: /LCOU8 | BK25: 16389
R26: NULL | U26: NULL | W26: /FCPON29 | X26: NULL | AU26: /CUUU28 | AV26: NULL | AX26: /HOV28 | AY26: 84 | BA26: /LGOU8 | BB26: 717 | BD26: /CLX28 | BE26: 15664 | BG26: /RBV28 | BH26: 12 | BJ26: /LCOV8 | BK26: 7693
R27: NULL | U27: NULL | W27: /FCPOU29 | X27: NULL | AU27: /CUUV28 | AV27: NULL | AX27: /HOX28 | AY27: 87 | BA27: /LGOV8 | BB27: 358 | BD27: /CLZ28 | BE27: 125491 | BG27: /RBX28 | BH27: 13 | BJ27: /LCOX8 | BK27: 7986
AU28: /CUUX28 | AX28: /HOZ28 | BA28: /LGOX8 | BD28: /CLF29 | BG28: /RBZ28 | BJ28: /LCOZ8
AU29: /CUUZ28 | AX29: /HOF29 | BA29: /LGOZ8 | BD29: /CLG29 | BG29: /RBF29 | BJ29: /LCOF9
AU30: /CUUF29 | AX30: /HOG29 | BA30: /LGOF9 | BD30: /CLH29 | BG30: /RBG29 | BJ30: /LCOG9
AU31: /CUUG29 | AX31: /HOH29 | BA31: /LGOG9 | BD31: /CLJ29 | BG31: /RBH29 | BJ31: /LCOH9
AU32: /CUUH29 | AX32: /HOJ29 | BA32: /LGOH9 | BD32: /CLK29 | BG32: /RBJ29 | BJ32: /LCOJ9
AU33: /CUUJ29 | AX33: /HOK29 | BA33: /LGOJ9 | BD33: /CLM29 | BG33: /RBK29 | BJ33: /LCOK9
AU34: /CUUK29 | AX34: /HOM29 | BA34: /LGOK9 | BD34: /CLN29 | BG34: /RBM29 | BJ34: /LCOM9
AU35: /CUUM29 | AX35: /HON29 | BA35: /LGOM9 | BD35: /CLQ29 | BG35: /RBN29 | BJ35: /LCON9
AU36: /CUUN29 | AX36: /HOQ29 | BA36: /LGON9 | BD36: /CLU29 | BG36: /RBQ29 | BJ36: /LCOQ9
AU37: /CUUQ29 | AX37: /HOU29 | BA37: /LGOQ9 | BD37: /CLV29 | BG37: /RBU29 | BJ37: /LCOU9
AU38: /CUUU29 | AX38: /HOV29 | BA38: /LGOU9 | BD38: /CLX29 | BG38: /RBV29 | BJ38: /LCOV9
AX39: /HOX29 | BA39: /LGOV9 | BD39: /CLZ29 | BG39: /RBX29 | BJ39: /LCOX9
AX40: /HOZ29 | BA40: /LGOX9 | BD40: /CLF30 | BG40: /RBZ29 | BJ40: /LCOZ9
AX41: /HOF30 | BA41: /LGOZ9 | BD41: /CLG30 | BG41: /RBF30 | BJ41: /LCOF0
BA42: /LGOF0 | BD42: /CLH30 | BJ42: /LCOG0
BA43: /LGOG0 | BD43: /CLJ30 | BJ43: /LCOH0
BA44: /LGOH0 | BD44: /CLK30 | BJ44: /LCOJ0
BA45: /LGOJ0 | BD45: /CLM30 | BJ45: /LCOK0
BA46: /LGOK0 | BD46: /CLN30 | BJ46: /LCOM0
BA47: /LGOM0 | BD47: /CLQ30 | BJ47: /LCON0
BA48: /LGON0 | BD48: /CLU30 | BJ48: /LCOQ0
BA49: /LGOQ0 | BD49: /CLV30 | BJ49: /LCOU0
BA50: /LGOU0 | BD50: /CLX30 | BJ50: /LCOV0
BA51: /LGOV0 | BD51: /CLZ30 | BJ51: /LCOX0
BA52: /LGOX0 | BD52: /CLF31 | BJ52: /LCOZ0
BA53: /LGOZ0 | BD53: /CLG31 | BJ53: /LCOF31
... BA77: /LGOZ32 | BD77: /CLG33 | BJ77: /LCOF33
BD78: /CLH33 | BJ78: /LCOG33
BD79: /CLJ33 | BJ79: /LCOH33
BD80: /CLK33 | BJ80: /LCOJ33
BD81: /CLM33 | BJ81: /LCOK33
BD82: /CLN33 | BJ82: /LCOM33
BD83: /CLQ33 | BJ83: /LCON33
BD84: /CLU33 | BJ84: /LCOQ33
BD85: /CLV33 | BJ85: /LCOU33
BD86: /CLX33 | BJ86: /LCOV33
BD87: /CLZ33 | BJ87: /LCOX33
BD88: /CLF34 | BJ88: /LCOZ33
BD89: /CLG34 | BJ89: /LCOF34
... BD125: /CLG37 | BJ125: /LCOF37
BJ126: /LCOG37
BJ127: /LCOH37
BJ128: /LCOJ37
BJ129: /LCOK37
BJ130: /LCOM37
BJ131: /LCON37
BJ132: /LCOQ37
BJ133: /LCOU37
BJ134: /LCOV37
BJ135: /LCOX37
BJ136: /LCOZ37
BJ137: /LCOF38
... BJ151: /LCOH39

Sheet DataBackup
A1: 260
B2: =_xll.RHistory(B5:B35,".Timestamp;.Close","NBROWS:"&$A$1&" INTERVAL:1D",,"TSREPEAT:NO CH:Fd",C3) -> Updated at 17:18:37 | D2: {=TRANSPOSE(B5:B23)} -> /WZ26 | E2: /KWZ26 | F2: /MWEZ26 | G2: /CZ26 | H2: /SF27 | I2: /SMZ26 | J2: /BOZ26 | K2: /FCPOF27 | L2: /DCPF7 | M2: /DSMF7 | N2: /DBYF7 | O2: /CRSMF7 | P2: /COIF7 | Q2: /COMG7 | R2: /RSF7 | S2: /CUUV26 | T2: /HOZ26 | U2: /LGOZ6 | V2: /CLZ26
C3: Timestamp | D3: Trade Close | E3: Trade Close | F3: Trade Close | G3: Trade Close | H3: Trade Close | I3: Trade Close | J3: Trade Close | K3: Trade Close | L3: Trade Close | M3: Trade Close | N3: Trade Close | O3: Trade Close | P3: Trade Close | Q3: Trade Close | R3: Trade Close | S3: Trade Close | T3: Trade Close | U3: Trade Close | V3: Trade Close | BC3: 4067 | BE3: 4067 | BG3: 4067
C4: 46318 | D4: 626.75 | E4: 666.75 | F4: 6.4725 | G4: 459 | H4: 1265.25 | I4: 347.9 | J4: 66.75 | K4: 4827 | L4: 9567 | M4: 3272 | N4: 9080 | O4: 2251 | P4: 10337 | Q4: 549 | R4: 792.1 | T4: 4.7758 | U4: 1429 | V4: 100.31
B5: =Instrument!B1 -> /WZ26 | C5: 46317 | D5: 624.75 | E5: 665.75 | F5: 6.4175 | G5: 460.5 | H5: 1264.75 | I5: 347.3 | J5: 66.74 | K5: 4792 | L5: 9579 | M5: 3240 | N5: 8943 | O5: 2254 | P5: 10212 | Q5: 547.25 | R5: 791.3 | S5: 2.0425 | T5: 4.7366 | U5: 1393.75 | V5: 99.47
B6: =Instrument!E1 -> /KWZ26 | C6: 46316 | D6: 628.25 | E6: 673 | F6: 6.515 | G6: 463.25 | H6: 1258.25 | I6: 348.3 | J6: 65.97 | K6: 4767 | L6: 9614 | M6: 3263 | N6: 8917 | O6: 2268 | P6: 10231 | Q6: 540.25 | R6: 785.5 | S6: 2.06 | T6: 4.5772 | U6: 1379.25 | V6: 97.15
B7: =Instrument!H1 -> /MWEZ26 | C7: 46315 | D7: 643.25 | E7: 691 | F7: 6.6175 | G7: 462 | H7: 1263.5 | I7: 348.7 | J7: 66.73 | K7: 4817 | L7: 9523 | M7: 3277 | N7: 8891 | O7: 2299 | P7: 10295 | Q7: 545 | R7: 793.9 | S7: 2.07 | T7: 4.7141 | U7: 1400.5 | V7: 97.82
B8: =Instrument!K1 -> /CZ26 | C8: 46314 | D8: 655.25 | E8: 699.5 | F8: 6.7 | G8: 467 | H8: 1268.75 | I8: 354.8 | J8: 66.69 | K8: 4766 | L8: 9499 | M8: 3277 | N8: 8874 | O8: 2350 | P8: 10274 | Q8: 546.5 | R8: 800.2 | S8: 2.0875 | T8: 4.726 | U8: 1402.25 | V8: 98.54
B9: =Instrument!N1 -> /SF27 | C9: 46311 | D9: 660.5 | E9: 704 | F9: 6.765 | G9: 474.25 | H9: 1275.75 | I9: 357.1 | J9: 67.13 | K9: 4769 | L9: 9418 | M9: 3299 | N9: 8834 | O9: 2345 | P9: 10311 | Q9: 552 | R9: 811.6 | S9: 2.1 | T9: 4.7232 | U9: 1369.5 | V9: 99.02
B10: =Instrument!Q1 -> /SMZ26 | C10: 46310 | D10: 670 | E10: 713 | F10: 6.86 | G10: 478 | H10: 1277.75 | I10: 359.8 | J10: 67.15 | K10: 4725 | L10: 9566 | M10: 3340 | N10: 8921 | O10: 2370 | P10: 10318 | Q10: 554.75 | R10: 813.7 | S10: 2.095 | T10: 4.6545 | U10: 1386.75 | V10: 96.5
B11: =Instrument!T1 -> /BOZ26 | C11: 46309 | D11: 673.25 | E11: 715 | F11: 6.9 | G11: 480.75 | H11: 1292 | I11: 364.5 | J11: 67.06 | K11: 4810 | L11: 9741 | M11: 3373 | N11: 9033 | O11: 2393 | P11: 10459 | Q11: 559.25 | R11: 824.6 | S11: 2.075 | T11: 4.7508 | U11: 1404 | V11: 93.9
B12: =Instrument!W1 -> /FCPOF27 | C12: 46308 | D12: 669.25 | E12: 712.25 | F12: 6.94 | G12: 482.75 | H12: 1300 | I12: 363.2 | J12: 68.02 | K12: 4787 | L12: 9639 | M12: 3373 | N12: 8962 | O12: 2378 | P12: 10394 | Q12: 559.25 | R12: 826.6 | S12: 2.09 | T12: 4.7766 | U12: 1410.75 | V12: 93.17
B13: =Instrument!Z1 -> /DCPF7 | C13: 46307 | D13: 672.25 | E13: 715.25 | F13: 6.9625 | G13: 483 | H13: 1304.75 | I13: 368.7 | J13: 68.63 | K13: 4758 | L13: 9700 | M13: 3383 | N13: 9008 | O13: 2368 | P13: 10374 | Q13: 552.25 | S13: 2.11 | T13: 4.5868 | U13: 1371.25 | V13: 92.86
B14: =Instrument!AC1 -> /DSMF7 | C14: 46304 | D14: 671 | E14: 719.25 | F14: 6.9525 | G14: 479.75 | H14: 1308.75 | I14: 365.6 | J14: 68.02 | K14: 4709 | L14: 9662 | M14: 3389 | N14: 8995 | O14: 2365 | P14: 10301 | Q14: 555.75 | R14: 829.8 | S14: 2.0675 | T14: 4.5884 | U14: 1376 | V14: 91.01
B15: =Instrument!AF1 -> /DBYF7 | C15: 46303 | D15: 683.25 | E15: 736.25 | F15: 7.06 | G15: 500.25 | H15: 1304.25 | I15: 357.6 | J15: 67.92 | K15: 4767 | L15: 9564 | M15: 3388 | N15: 8933 | O15: 2352 | P15: 10277 | Q15: 557.25 | R15: 828.9 | S15: 2.085 | T15: 4.7165 | U15: 1391.25 | V15: 90.75
B16: =Instrument!AI1 -> /CRSMF7 | C16: 46302 | D16: 686.5 | E16: 738.5 | F16: 7.1025 | G16: 502 | H16: 1314.5 | I16: 365.8 | J16: 67.68 | K16: 4636 | Q16: 552.75 | R16: 822.9 | S16: 2.07 | T16: 4.4766 | U16: 1333 | V16: 87.55
B17: =Instrument!AL1 -> /COIF7 | C17: 46301 | D17: 704.25 | E17: 756.25 | F17: 7.1975 | G17: 508 | H17: 1319.25 | I17: 354.8 | J17: 69.91 | K17: 4663 | Q17: 561 | R17: 839 | S17: 2.08 | T17: 4.4231 | U17: 1257 | V17: 88.43
B18: =Instrument!AO1 -> /COMG7 | C18: 46300 | D18: 692.25 | E18: 742.25 | F18: 7.085 | G18: 497.25 | H18: 1297.5 | I18: 347.1 | J18: 69.35 | K18: 4672 | Q18: 558 | R18: 832.8 | S18: 2.055 | T18: 4.4001 | U18: 1301.5 | V18: 88.2
B19: =Instrument!AR1 -> /RSF7 | C19: 46297 | D19: 683 | E19: 735.25 | F19: 6.98 | G19: 497.75 | H19: 1294.5 | I19: 347.5 | J19: 68.62 | K19: 4627 | Q19: 555.25 | R19: 828.7 | S19: 2.1 | T19: 4.3573 | U19: 1265.5 | V19: 89.43
B20: =Instrument!AU1 -> /CUUV26 | C20: 46296 | D20: 682.75 | E20: 737.5 | F20: 6.9675 | G20: 502.25 | H20: 1300.75 | I20: 353.3 | J20: 67.38 | K20: 4652 | Q20: 551.75 | R20: 825.2 | S20: 2.115 | T20: 4.4906 | U20: 1335.75 | V20: 90.84
B21: =Instrument!AX1 -> /HOZ26 | C21: 46295 | D21: 675.75 | E21: 733 | F21: 6.9325 | G21: 500.75 | H21: 1309.25 | I21: 356.9 | J21: 68.28 | K21: 4717 | L21: 9593 | M21: 3369 | N21: 8934 | O21: 2332 | P21: 10217 | Q21: 554 | S21: 2.14 | T21: 4.5068 | U21: 1350.25 | V21: 88.42
B22: =Instrument!BA1 -> /LGOZ6 | C22: 46294 | D22: 692.75 | E22: 743 | F22: 6.9925 | G22: 522 | H22: 1312.75 | I22: 359 | J22: 68.36 | K22: 4731 | L22: 9571 | M22: 3347 | N22: 8855 | O22: 2298 | P22: 10044 | Q22: 557.75 | R22: 837.1 | S22: 2.145 | T22: 4.3323 | U22: 1297.25 | V22: 87.25
B23: =Instrument!BD1 -> /CLZ26 | C23: 46293 | D23: 688.75 | E23: 745.75 | F23: 7.0175 | G23: 523 | H23: 1303 | I23: 359.4 | J23: 67.66 | K23: 4774 | L23: 9675 | M23: 3386 | N23: 8883 | O23: 2337 | P23: 10134 | Q23: 548.25 | R23: 821.8 | S23: 2.185 | T23: 4.3681 | U23: 1336.75 | V23: 89.01
C24: 46290 | D24: 703.25 | E24: 762 | F24: 7.135 | G24: 528.25 | H24: 1332.5 | I24: 371 | J24: 67.84 | K24: 4768 | Q24: 557.5 | R24: 841.4 | S24: 2.21 | T24: 4.3746 | U24: 1346.25 | V24: 88.71
C25: 46289 | D25: 707 | E25: 767 | F25: 7.2025 | G25: 527.5 | H25: 1332 | I25: 372.4 | J25: 67.55 | K25: 4870 | L25: 9787 | M25: 3405 | N25: 8943 | O25: 2347 | P25: 10236 | Q25: 557.75 | R25: 841.2 | S25: 2.18 | T25: 4.4197 | U25: 1385.5 | V25: 90.9
C26: 46288 | D26: 708.5 | E26: 771.75 | F26: 7.2875 | G26: 529 | H26: 1333.75 | I26: 370.6 | J26: 67.81 | K26: 4851 | L26: 9740 | M26: 3414 | N26: 8927 | O26: 2361 | P26: 10145 | Q26: 561.75 | R26: 837.2 | S26: 2.175 | T26: 4.5171 | U26: 1344 | V26: 89.51
C27: 46287 | D27: 717.25 | E27: 781.25 | F27: 7.3625 | G27: 536.75 | H27: 1341.25 | I27: 370.7 | J27: 67.92 | K27: 4884 | L27: 9859 | M27: 3410 | N27: 8946 | O27: 2362 | P27: 10243 | Q27: 560 | R27: 836.1 | S27: 2.185 | T27: 4.5489 | U27: 1311 | V27: 87.98
C28: 46286 | D28: 726.75 | E28: 794.5 | F28: 7.4625 | G28: 543 | H28: 1344 | I28: 368.4 | J28: 68.85 | K28: 4929 | L28: 9876 | M28: 3391 | N28: 8897 | O28: 2347 | P28: 10186 | Q28: 563.25 | R28: 846.8 | S28: 2.19 | T28: 4.4851 | U28: 1305.75 | V28: 89.16
C29: 46283 | D29: 714.25 | E29: 783.75 | F29: 7.4125 | G29: 527.5 | H29: 1320 | I29: 358.6 | J29: 68.22 | K29: 4983 | L29: 9907 | M29: 3429 | N29: 8905 | O29: 2389 | P29: 10113 | Q29: 557.25 | R29: 833 | S29: 2.16 | T29: 4.5875 | U29: 1351.75 | V29: 92.05
C30: 46282 | D30: 727 | E30: 794.5 | F30: 7.525 | G30: 530.5 | H30: 1337 | I30: 371.3 | J30: 69.15 | K30: 5028 | L30: 10070 | M30: 3480 | N30: 9017 | O30: 2421 | P30: 10211 | Q30: 556 | R30: 844.1 | S30: 2.135 | T30: 4.6262 | U30: 1338.25 | V30: 92.61
C31: 46281 | D31: 730.75 | E31: 799.5 | F31: 7.56 | G31: 534.25 | H31: 1337.25 | I31: 365.6 | J31: 69.67 | L31: 10066 | M31: 3434 | N31: 9000 | O31: 2372 | P31: 10169 | Q31: 556.75 | R31: 837.8 | S31: 2.105 | T31: 4.7155 | U31: 1364 | V31: 92.79
C32: 46280 | D32: 728.5 | E32: 796.25 | F32: 7.485 | G32: 535.75 | H32: 1335.25 | I32: 365.4 | J32: 70.35 | K32: 5086 | L32: 10031 | M32: 3374 | N32: 8960 | O32: 2330 | P32: 10101 | Q32: 558.5 | R32: 840.9 | S32: 2.105 | T32: 4.7352 | U32: 1391.75 | V32: 95.51
C33: 46279 | D33: 722 | E33: 792.5 | F33: 7.3625 | G33: 533.25 | H33: 1320.25 | I33: 356.2 | J33: 70.19 | K33: 5052 | L33: 10038 | M33: 3384 | N33: 9024 | O33: 2349 | P33: 10192 | Q33: 555.5 | R33: 834.3 | S33: 2.07 | T33: 4.54 | U33: 1320.25 | V33: 92.6
C34: 46276 | D34: 725.25 | E34: 798.5 | F34: 7.45 | G34: 530.25 | H34: 1312 | I34: 352.8 | J34: 69.68 | K34: 5056 | L34: 10151 | M34: 3422 | N34: 9103 | O34: 2369 | P34: 10226 | Q34: 553 | R34: 827.1 | S34: 2.065 | T34: 4.5584 | U34: 1320.5 | V34: 91.43
C35: 46275 | D35: 741.25 | E35: 818.75 | F35: 7.625 | G35: 533.75 | H35: 1347.25 | I35: 356.9 | J35: 71.92 | K35: 5154 | L35: 10177 | M35: 3399 | N35: 9054 | O35: 2358 | P35: 10248 | Q35: 559.25 | R35: 849.4 | S35: 2.06 | T35: 4.6271 | U35: 1323.25 | V35: 93.93
C36: 46274 | D36: 728.75 | E36: 806.25 | F36: 7.48 | G36: 527.75 | H36: 1325.25 | I36: 351.4 | J36: 70.57 | K36: 5220 | L36: 10306 | M36: 3397 | N36: 9122 | O36: 2376 | P36: 10392 | Q36: 559 | R36: 841.2 | S36: 2.03 | T36: 4.4346 | U36: 1257.75 | V36: 89.32
C37: 46273 | D37: 747 | E37: 819 | F37: 7.54 | G37: 533.5 | H37: 1332 | I37: 349.8 | J37: 70.7 | K37: 5224 | L37: 10421 | M37: 3415 | N37: 9210 | O37: 2398 | P37: 10377 | Q37: 558.75 | R37: 848.3 | S37: 2.055 | T37: 4.2527 | U37: 1225 | V37: 87.14
C38: 46272 | K38: 5214 | L38: 10264 | M38: 3404 | N38: 9142 | O38: 2400 | P38: 10238 | Q38: 556.5 | U38: 1237.25
C39: 46269 | D39: 734 | E39: 802.25 | F39: 7.45 | G39: 536.75 | H39: 1325 | I39: 355.1 | J39: 69.27 | K39: 5155 | L39: 10212 | M39: 3402 | N39: 9144 | O39: 2397 | P39: 10152 | Q39: 553.5 | R39: 832.7 | S39: 2.08 | T39: 4.2091 | U39: 1200 | V39: 85.46
C40: 46268 | D40: 754.25 | E40: 815.5 | F40: 7.655 | G40: 540.75 | H40: 1331.5 | I40: 355.5 | J40: 70.04 | K40: 5107 | L40: 10270 | M40: 3386 | N40: 9182 | O40: 2393 | P40: 10226 | Q40: 553 | R40: 839.5 | S40: 2.095 | T40: 4.2399 | U40: 1218.5 | V40: 84.79
C41: 46267 | D41: 774 | E41: 834.25 | F41: 7.82 | G41: 543.5 | H41: 1325 | I41: 349.6 | J41: 70.96 | K41: 5148 | L41: 10262 | M41: 3376 | N41: 9135 | O41: 2379 | P41: 10279 | Q41: 554.5 | R41: 835.9 | S41: 2.085 | T41: 4.2959 | U41: 1221.25 | V41: 85.25
C42: 46266 | D42: 782.5 | E42: 845.25 | F42: 7.7675 | G42: 546 | H42: 1332.75 | I42: 352.6 | J42: 72.63 | K42: 5149 | L42: 10293 | M42: 3357 | N42: 9072 | O42: 2362 | P42: 10234 | Q42: 558.5 | R42: 852.3 | S42: 2.075 | T42: 4.3085 | U42: 1207.75 | V42: 84.97
C43: 46265 | D43: 774 | E43: 838 | F43: 7.63 | G43: 537.75 | H43: 1303.25 | I43: 345.3 | J43: 71.12 | L43: 10241 | M43: 3353 | N43: 9013 | O43: 2367 | P43: 10240 | Q43: 546.5 | R43: 823.3 | S43: 2.045 | T43: 4.0753 | U43: 1157.25 | V43: 82.07
C44: 46262 | D44: 784 | E44: 844.25 | F44: 7.6925 | G44: 536.5 | H44: 1302.75 | I44: 348.9 | J44: 71.06 | K44: 5067 | L44: 10089 | M44: 3344 | N44: 8908 | O44: 2372 | P44: 10167 | Q44: 548.25 | R44: 833.2 | S44: 2.0375 | T44: 3.9421 | U44: 1117.25 | V44: 80
C45: 46261 | D45: 760.75 | E45: 822 | F45: 7.5775 | G45: 533.5 | H45: 1283 | I45: 340.9 | J45: 68.51 | K45: 4984 | L45: 10060 | M45: 3324 | N45: 8818 | O45: 2357 | P45: 10134 | Q45: 542.5 | R45: 813.6 | S45: 2.0075 | T45: 3.8963 | U45: 1090.5 | V45: 80.11
C46: 46260 | D46: 748.25 | E46: 808.75 | F46: 7.48 | G46: 536.5 | H46: 1280.75 | I46: 339.3 | J46: 67.74 | K46: 4996 | L46: 10039 | M46: 3266 | N46: 8760 | O46: 2306 | P46: 10105 | Q46: 541.5 | R46: 808.3 | S46: 2.0525 | T46: 3.8576 | U46: 1105.25 | V46: 79.27
C47: 46259 | D47: 703.25 | E47: 770.75 | F47: 7.2 | G47: 523.5 | H47: 1252.25 | I47: 329.2 | J47: 67.78 | L47: 10064 | M47: 3228 | N47: 8748 | O47: 2267 | P47: 10112 | Q47: 536 | R47: 799.6 | S47: 2.05 | T47: 3.8728 | U47: 1110.5 | V47: 79.15
C48: 46258 | D48: 699.5 | E48: 767.25 | F48: 7.2125 | G48: 515.5 | H48: 1238.25 | I48: 328.6 | J48: 67.31 | K48: 5064 | L48: 10178 | M48: 3240 | N48: 8811 | O48: 2275 | P48: 10248 | Q48: 524.75 | R48: 779.4 | S48: 2.105 | T48: 3.9138 | U48: 1127.25 | V48: 81.34
C49: 46255 | D49: 699.25 | E49: 772.5 | F49: 7.245 | G49: 508.5 | H49: 1253.75 | I49: 325.8 | J49: 69.58 | K49: 5118 | L49: 10146 | M49: 3244 | N49: 8836 | O49: 2281 | P49: 10338 | Q49: 541.25 | R49: 808.4 | S49: 2.105 | T49: 4.0847 | U49: 1165.25 | V49: 83.02
C50: 46254 | D50: 700 | E50: 776.5 | F50: 7.2775 | G50: 503.5 | H50: 1251.5 | I50: 323.8 | J50: 71.32 | K50: 5070 | L50: 10082 | M50: 3264 | N50: 8809 | O50: 2304 | P50: 10400 | Q50: 547.25 | R50: 828.9 | S50: 2.0625 | T50: 4.0875 | U50: 1151 | V50: 82.67
C51: 46253 | D51: 697.5 | E51: 776.75 | F51: 7.2025 | G51: 498 | H51: 1251.25 | I51: 325.6 | J51: 69.96 | K51: 5033 | L51: 9970 | M51: 3246 | N51: 8722 | O51: 2292 | P51: 10219 | Q51: 553 | R51: 827.9 | S51: 2.025 | T51: 4.0114 | U51: 1136.25 | V51: 81.07
C52: 46252 | D52: 681.25 | E52: 758.5 | F52: 7.0375 | G52: 488 | H52: 1231.5 | I52: 318.8 | J52: 69.63 | K52: 5007 | L52: 9896 | M52: 3218 | N52: 8644 | O52: 2270 | P52: 10198 | Q52: 547.5 | R52: 814.9 | S52: 2.0225 | T52: 4.0084 | U52: 1128 | V52: 81.2
C53: 46251 | D53: 689.25 | E53: 771.75 | F53: 7.03 | G53: 489.5 | H53: 1231 | I53: 318.7 | J53: 70.82 | K53: 4970 | L53: 9808 | M53: 3174 | N53: 8547 | O53: 2246 | P53: 10146 | Q53: 550.5 | R53: 836.3 | S53: 2.0125 | T53: 3.9882 | U53: 1105.25 | V53: 80.83
C54: 46248 | D54: 689.5 | E54: 767.75 | F54: 7.0425 | G54: 483.25 | H54: 1207.75 | I54: 316.3 | J54: 68.97 | K54: 4936 | L54: 9767 | M54: 3154 | N54: 8500 | O54: 2238 | P54: 10087 | Q54: 547.5 | R54: 826.4 | S54: 1.995 | T54: 3.8681 | U54: 1079 | V54: 78.49
C55: 46247 | D55: 668.25 | E55: 734.75 | F55: 6.9375 | G55: 472 | H55: 1197.75 | I55: 314 | J55: 68.38 | K55: 4908 | L55: 9699 | M55: 3154 | N55: 8453 | O55: 2233 | P55: 9969 | Q55: 542.25 | R55: 811.1 | S55: 1.955 | T55: 3.841 | U55: 1086.75 | V55: 77.6
C56: 46246 | D56: 669.75 | E56: 737.75 | F56: 6.98 | G56: 480.75 | H56: 1199 | I56: 315.1 | J56: 68.76 | K56: 4872 | L56: 9696 | M56: 3131 | N56: 8443 | O56: 2227 | P56: 9935 | Q56: 538.25 | R56: 803.6 | S56: 1.9625 | T56: 3.8706 | U56: 1079.5 | V56: 78.79
C57: 46245 | D57: 648.25 | E57: 716 | F57: 6.845 | G57: 460.5 | H57: 1184.25 | I57: 310.9 | J57: 68.12 | K57: 4906 | L57: 9743 | M57: 3139 | N57: 8460 | O57: 2234 | P57: 9961 | Q57: 536.25 | R57: 791.2 | S57: 1.9275 | T57: 3.8114 | U57: 1055.25 | V57: 78.58
C58: 46244 | D58: 659.25 | E58: 731.25 | F58: 6.95 | G58: 461.75 | H58: 1194.75 | I58: 311.6 | J58: 69.14 | K58: 4872 | L58: 9700 | M58: 3146 | N58: 8456 | O58: 2242 | P58: 9934 | Q58: 540.25 | R58: 804.8 | S58: 1.9425 | T58: 3.7948 | U58: 1055.25 | V58: 78.49
C59: 46241 | D59: 658.25 | E59: 730.5 | F59: 7.0225 | G59: 462 | H59: 1191.25 | I59: 313.4 | J59: 67.88 | K59: 4829 | L59: 9662 | M59: 3144 | N59: 8434 | O59: 2235 | P59: 9909 | Q59: 535 | R59: 788.8 | S59: 1.94 | T59: 3.5827 | U59: 1003.75 | V59: 74.64
... C62: 46238 | D62: 657.25 | E62: 724.5 | F62: 7.0925 | G62: 465.5 | H62: 1193.25 | I62: 318.4 | J62: 67.52 | K62: 4794 | L62: 9581 | M62: 3131 | N62: 8430 | O62: 2242 | P62: 9825 | Q62: 520 | R62: 770.7 | S62: 1.915 | T62: 3.4308 | U62: 959.75 | V62: 72.03
C63: 46237 | D63: 669.25 | E63: 734 | F63: 7.2 | G63: 472.5 | H63: 1207 | I63: 321.6 | J63: 68.14 | K63: 4727 | L63: 9561 | M63: 3126 | N63: 8398 | O63: 2242 | P63: 9759 | Q63: 523.5 | S63: 1.9325 | T63: 3.5009 | U63: 989.5 | V63: 73.94
C64: 46234 | D64: 657.5 | E64: 723.75 | F64: 7.145 | G64: 464 | H64: 1201.25 | I64: 321.2 | J64: 66.9 | K64: 4732 | L64: 9608 | M64: 3135 | N64: 8412 | O64: 2244 | P64: 9761 | Q64: 512.5 | R64: 767.5 | S64: 1.9125 | T64: 3.63 | U64: 1029.25 | V64: 76.44
C65: 46233 | D65: 681.5 | E65: 746.75 | F65: 7.355 | G65: 468.5 | H65: 1203.5 | I65: 322.8 | J65: 67.29 | K65: 4770 | L65: 9628 | M65: 3141 | N65: 8424 | O65: 2256 | P65: 9784 | Q65: 527.25 | R65: 777.6 | S65: 1.92 | T65: 3.6085 | U65: 1009.75 | V65: 76.12
C66: 46232 | D66: 677.75 | E66: 740.75 | F66: 7.2825 | G66: 471.75 | H66: 1207.5 | I66: 323.5 | J66: 67.62 | K66: 4753 | L66: 9637 | M66: 3171 | N66: 8454 | O66: 2298 | P66: 9814 | Q66: 530.75 | R66: 780.9 | S66: 1.9275 | T66: 3.6737 | U66: 1018.5 | V66: 77.74
C67: 46231 | D67: 679.75 | E67: 742 | F67: 7.2525 | G67: 480.5 | H67: 1233.75 | I67: 327.8 | J67: 68.93 | K67: 4734 | L67: 9612 | M67: 3177 | N67: 8455 | O67: 2305 | P67: 9844 | Q67: 530.75 | R67: 792.2 | S67: 1.93 | T67: 3.5015 | U67: 967.5 | V67: 73.85
C68: 46230 | D68: 677.5 | E68: 745.5 | F68: 7.285 | G68: 474 | H68: 1227.5 | I68: 324.1 | J68: 69.58 | K68: 4757 | L68: 9711 | M68: 3230 | N68: 8543 | O68: 2349 | P68: 10002 | Q68: 536.5 | R68: 799.7 | S68: 1.9125 | T68: 3.5548 | U68: 991.25 | V68: 76.53
C69: 46227 | D69: 695.5 | E69: 761.5 | F69: 7.3775 | G69: 487.5 | H69: 1266.5 | I69: 335.2 | J69: 72.01 | K69: 4800 | L69: 9817 | M69: 3246 | N69: 8610 | O69: 2356 | P69: 10132 | Q69: 550 | R69: 833.6 | S69: 1.93 | T69: 3.639 | U69: 1003.5 | V69: 79.33
C70: 46226 | D70: 713.75 | E70: 775.75 | F70: 7.53 | G70: 487.5 | H70: 1257 | I70: 331.9 | J70: 72.98 | K70: 4793 | L70: 9714 | M70: 3237 | N70: 8526 | O70: 2325 | P70: 10009 | Q70: 561.75 | R70: 845.6 | S70: 1.9225 | T70: 3.7241 | U70: 1044.25 | V70: 80.1
C71: 46225 | D71: 722.75 | E71: 779 | F71: 7.525 | G71: 484.75 | H71: 1252.75 | I71: 332.9 | J71: 72.82 | K71: 4711 | L71: 9546 | M71: 3198 | N71: 8488 | O71: 2298 | P71: 9887 | Q71: 555 | R71: 832.5 | S71: 1.9125 | T71: 3.6101 | U71: 1002.75 | V71: 78.64
C72: 46224 | D72: 696 | E72: 749.5 | F72: 7.2825 | G72: 475.25 | H72: 1236.75 | I72: 327.3 | J72: 71.63 | K72: 4709 | L72: 9573 | M72: 3195 | N72: 8560 | O72: 2284 | P72: 9951 | Q72: 552.5 | R72: 812.9 | S72: 1.9025 | T72: 3.573 | U72: 990.5 | V72: 78.24
C73: 46223 | D73: 691.5 | E73: 739 | F73: 7.1725 | G73: 473 | H73: 1240 | I73: 323.8 | J73: 72.13 | K73: 4735 | L73: 9623 | M73: 3157 | N73: 8581 | O73: 2260 | P73: 9936 | Q73: 556.25 | R73: 819.8 | S73: 1.9075 | T73: 3.5451 | U73: 976 | V73: 77.83
C74: 46220 | D74: 699.75 | E74: 746.75 | F74: 7.1675 | G74: 467.5 | H74: 1216.75 | I74: 318.5 | J74: 72.43 | K74: 4697 | L74: 9535 | M74: 3135 | N74: 8543 | O74: 2246 | P74: 9890 | Q74: 548 | R74: 803.8 | S74: 1.89 | T74: 3.5142 | U74: 968 | V74: 77.65
C75: 46219 | D75: 691 | E75: 731.25 | F75: 7.085 | G75: 464 | H75: 1209.5 | I75: 322.4 | J75: 70.57 | K75: 4701 | L75: 9552 | M75: 3139 | N75: 8575 | O75: 2257 | P75: 9897 | Q75: 544 | R75: 792.2 | S75: 1.8825 | T75: 3.4829 | U75: 957 | V75: 75.43
... C83: 46209 | D83: 628.5 | E83: 664.25 | F83: 6.51 | G83: 457.75 | H83: 1205.5 | I83: 313.5 | J83: 66.63 | K83: 4636 | L83: 9486 | M83: 3064 | N83: 8445 | O83: 2230 | P83: 9611 | Q83: 521.25 | R83: 766.1 | S83: 1.8875 | T83: 3.0368 | U83: 823.25 | V83: 68.43
C84: 46206 | K84: 4583 | L84: 9430 | M84: 3033 | N84: 8390 | O84: 2217 | P84: 9523 | Q84: 515.25 | R84: 747.8 | U84: 806.75
C85: 46205 | D85: 614 | E85: 652.25 | F85: 6.4 | G85: 441.5 | H85: 1162.25 | I85: 304.4 | J85: 65.43 | K85: 4609 | L85: 9496 | M85: 3037 | N85: 8404 | O85: 2222 | P85: 9539 | Q85: 514.5 | R85: 745.4 | S85: 1.855 | T85: 2.9463 | U85: 793.5 | V85: 68.34
C86: 46204 | D86: 614.5 | E86: 649 | F86: 6.4175 | G86: 442.25 | H86: 1163.75 | I86: 304.7 | J86: 65.42 | K86: 4654 | L86: 9506 | M86: 3011 | N86: 8367 | O86: 2209 | P86: 9531 | Q86: 516.75 | S86: 1.8375 | T86: 2.959 | U86: 802 | V86: 68.13
C87: 46203 | D87: 604.5 | E87: 640.25 | F87: 6.315 | G87: 436 | H87: 1158.75 | I87: 303.1 | J87: 65.35 | K87: 4638 | L87: 9570 | M87: 3008 | N87: 8408 | O87: 2218 | P87: 9647 | Q87: 512.75 | R87: 743.9 | S87: 1.83 | T87: 2.9624 | U87: 804.75 | V87: 68.35
C88: 46202 | D88: 597 | E88: 629.5 | F88: 6.255 | G88: 430 | H88: 1153.5 | I88: 302.8 | J88: 66.65 | K88: 4671 | L88: 9565 | M88: 3021 | N88: 8418 | O88: 2240 | P88: 9654 | Q88: 519.25 | R88: 752.7 | S88: 1.8275 | T88: 2.9248 | U88: 794.75 | V88: 69.13
C89: 46199 | D89: 607.25 | E89: 634.5 | F89: 6.3025 | G89: 441.5 | H89: 1170.5 | I89: 304.5 | J89: 67.09 | K89: 4650 | L89: 9519 | M89: 3019 | N89: 8368 | O89: 2232 | P89: 9563 | Q89: 517.75 | R89: 753.4 | S89: 1.8425 | T89: 2.8619 | U89: 775 | V89: 67.9
C90: 46198 | D90: 618.25 | E90: 645.75 | F90: 6.3925 | G90: 443 | H90: 1171 | I90: 305 | J90: 67.19 | K90: 4642 | L90: 9421 | M90: 3001 | N90: 8302 | O90: 2222 | P90: 9529 | Q90: 523 | R90: 756.7 | S90: 1.8225 | T90: 2.9461 | U90: 797.75 | V90: 69.99
C91: 46197 | D91: 612.75 | E91: 640.75 | F91: 6.405 | G91: 434.75 | H91: 1149 | I91: 300.1 | J91: 65.74 | K91: 4729 | L91: 9599 | M91: 3005 | N91: 8333 | O91: 2242 | P91: 9674 | Q91: 520.5 | R91: 753.6 | S91: 1.785 | T91: 2.8942 | U91: 785.5 | V91: 68.51
C92: 46196 | D92: 613.75 | E92: 639.5 | F92: 6.4125 | G92: 437.25 | H92: 1156 | I92: 301.3 | J92: 66.58 | K92: 4753 | L92: 9644 | M92: 2992 | N92: 8315 | O92: 2221 | P92: 9642 | Q92: 521.5 | R92: 757.2 | S92: 1.775 | T92: 2.9384 | U92: 801.5 | V92: 70.73
C93: 46195 | D93: 624 | E93: 654.25 | F93: 6.615 | G93: 439.5 | H93: 1155.75 | I93: 303.4 | J93: 66.9 | K93: 4772 | L93: 9634 | M93: 2997 | N93: 8331 | O93: 2219 | P93: 9656 | Q93: 516.75 | R93: 751.7 | S93: 1.7825 | T93: 2.9147 | U93: 801.25 | V93: 70.99
C94: 46192 | K94: 4728 | Q94: 510.25 | R94: 741.2 | U94: 820.5
C95: 46191 | D95: 630.25 | E95: 665.75 | F95: 6.705 | G95: 444 | H95: 1156.5 | I95: 303.3 | J95: 65.8 | K95: 4683 | L95: 9585 | M95: 3011 | N95: 8325 | O95: 2225 | P95: 9696 | Q95: 509 | R95: 742.2 | S95: 1.8125 | T95: 2.9483 | U95: 792.5 | V95: 72.49
C96: 46190 | D96: 636.75 | E96: 673.75 | F96: 6.7025 | G96: 448.75 | H96: 1163 | I96: 306.1 | J96: 67.17 | L96: 9616 | M96: 3020 | N96: 8346 | O96: 2229 | P96: 9772 | Q96: 516 | R96: 755.1 | S96: 1.7875 | T96: 2.9929 | U96: 825.5 | V96: 72.57
C97: 46189 | D97: 621.75 | E97: 656.25 | F97: 6.575 | G97: 442.5 | H97: 1160.25 | I97: 307.2 | J97: 68.04 | K97: 4682 | L97: 9519 | M97: 2997 | N97: 8279 | O97: 2214 | P97: 9770 | Q97: 515 | R97: 762.4 | S97: 1.785 | T97: 2.9993 | U97: 826 | V97: 72.5
C98: 46188 | D98: 616.75 | E98: 658.5 | F98: 6.62 | G98: 441.75 | H98: 1149.5 | I98: 305.6 | J98: 69.31 | K98: 4595 | L98: 9507 | M98: 2999 | N98: 8290 | O98: 2214 | P98: 9803 | Q98: 519.25 | R98: 768.7 | S98: 1.815 | T98: 3.081 | U98: 846.75 | V98: 74.72
C99: 46185 | D99: 612 | E99: 654 | F99: 6.6475 | G99: 440.25 | H99: 1147 | I99: 304.8 | J99: 69.67 | K99: 4619 | L99: 9626 | M99: 3000 | N99: 8331 | O99: 2210 | P99: 9858 | Q99: 528 | R99: 774.2 | S99: 1.85 | T99: 3.1844 | U99: 871.25 | V99: 77.41
C100: 46184 | D100: 614.75 | E100: 656.25 | F100: 6.68 | G100: 439.5 | H100: 1148 | I100: 304.5 | J100: 70.14 | K100: 4712 | L100: 9645 | M100: 3000 | N100: 8336 | O100: 2210 | P100: 9917 | Q100: 533.25 | R100: 781.2 | S100: 1.8425 | T100: 3.2968 | U100: 929.25 | V100: 80.31
C101: 46183 | D101: 617.25 | E101: 655.5 | F101: 6.665 | G101: 446.75 | H101: 1152.25 | I101: 305.5 | J101: 70.93 | K101: 4703 | L101: 9570 | M101: 2980 | N101: 8297 | O101: 2196 | P101: 9866 | Q101: 533.25 | R101: 783.2 | S101: 1.8675 | T101: 3.3746 | U101: 924.25 | V101: 81.52
C102: 46182 | D102: 614.25 | E102: 654.5 | F102: 6.6575 | G102: 445.25 | H102: 1146.25 | I102: 306.4 | J102: 70.58 | K102: 4692 | L102: 9609 | M102: 2978 | N102: 8307 | O102: 2202 | P102: 9910 | Q102: 526.25 | R102: 776.8 | S102: 1.8775 | T102: 3.3284 | U102: 912.5 | V102: 80.06
C103: 46181 | D103: 613.75 | E103: 654.25 | F103: 6.665 | G103: 446 | H103: 1150 | I103: 309.1 | J103: 70.71 | K103: 4726 | L103: 9672 | M103: 2984 | N103: 8367 | O103: 2209 | P103: 9990 | Q103: 527.5 | R103: 777.1 | S103: 1.89 | T103: 3.3683 | U103: 936 | V103: 81.45
C104: 46178 | D104: 611.5 | E104: 646.75 | F104: 6.6975 | G104: 446 | H104: 1152.25 | I104: 311.2 | J104: 70.81 | K104: 4699 | L104: 9760 | M104: 2996 | N104: 8428 | O104: 2223 | P104: 10069 | Q104: 525.75 | R104: 771.9 | S104: 1.9 | T104: 3.3327 | U104: 922.5 | V104: 79.46
C105: 46177 | D105: 613.5 | E105: 648.5 | F105: 6.69 | G105: 451.75 | H105: 1156.25 | I105: 313.3 | J105: 72.25 | K105: 4733 | L105: 9967 | M105: 3024 | N105: 8553 | O105: 2245 | P105: 10258 | Q105: 528.25 | R105: 793.9 | S105: 1.895 | T105: 3.3762 | U105: 925.5 | V105: 80.46
C106: 46176 | D106: 620.5 | E106: 652 | F106: 6.7175 | G106: 459.75 | H106: 1181.75 | I106: 319.2 | J106: 74 | K106: 4804 | L106: 9963 | M106: 3032 | N106: 8547 | O106: 2253 | P106: 10108 | Q106: 538.5 | R106: 808 | S106: 1.91 | T106: 3.4841 | U106: 948 | V106: 82.42
C107: 46175 | D107: 635.25 | E107: 662.25 | F107: 6.815 | G107: 466.5 | H107: 1191.75 | I107: 320 | J107: 73.29 | L107: 9949 | M107: 3039 | N107: 8555 | O107: 2264 | P107: 9931 | Q107: 532.5 | R107: 789.1 | S107: 1.9275 | T107: 3.3775 | U107: 918 | V107: 80.96
C108: 46174 | D108: 640.5 | E108: 673.5 | F108: 6.9425 | G108: 472.5 | H108: 1202.5 | I108: 319.1 | J108: 73.83 | L108: 9903 | M108: 3046 | N108: 8549 | O108: 2259 | P108: 9892 | Q108: 533.5 | R108: 793.7 | S108: 1.945 | T108: 3.3275 | U108: 926.5 | V108: 80.23
C109: 46171 | D109: 643 | E109: 677 | F109: 7.0725 | G109: 475 | H109: 1203.5 | I109: 320.3 | J109: 72.44 | K109: 4671 | L109: 9795 | M109: 3058 | N109: 8507 | O109: 2258 | P109: 9837 | Q109: 530 | R109: 780.7 | S109: 1.9475 | T109: 3.2136 | U109: 886 | V109: 78.29
...

Sheet Data
A1: 260
B2: =_xll.RHistory(B5:B35,".Timestamp;.Close","NBROWS:"&$A$1&" INTERVAL:1D",,"TSREPEAT:NO CH:Fd",C4) -> Updated at 17:18:37 | C2: Column1 | D2: Column2 | E2: Column3 | F2: Column4 | G2: Column5 | H2: Column6 | I2: Column7 | J2: Column8 | K2: Column9 | L2: Column10 | M2: Column11 | N2: Column12 | O2: Column13 | P2: Column14 | Q2: Column15 | R2: Column16 | S2: Column17 | T2: Column18 | U2: Column19 | V2: Column20 | W2: Column21 | X2: Column22
D3: /WZ25 | E3: /KWZ25 | F3: /MWEZ25 | G3: /CZ25 | H3: /SF26 | I3: /SMZ25 | J3: /BOZ25 | K3: /FCPOF26 | L3: /DCPF6 | M3: /DSMF6 | N3: /DBYF6 | O3: /CRSMF6 | P3: /COIF6 | Q3: /COMG6 | R3: /RSF6 | S3: /CUUZ25 | T3: /HOZ25 | U3: /LGOZ5 | V3: /CLF26 | W3: /LCOJ6 | X3: /RBG26
C4: Timestamp | D4: Trade Close | E4: Trade Close | F4: Trade Close | G4: Trade Close | H4: Trade Close | I4: Trade Close | J4: Trade Close | K4: Trade Close | L4: Trade Close | M4: Trade Close | N4: Trade Close | O4: Trade Close | P4: Trade Close | Q4: Trade Close | R4: Trade Close | S4: Trade Close | T4: Trade Close | U4: Trade Close | V4: Trade Close | W4: Trade Close | X4: Trade Close
B5: =Instrument!B1 -> /WZ26 | C5: 46318 | D5: 626.75 | E5: 666.75 | F5: 6.4725 | G5: 459 | H5: 1265.25 | I5: 347.9 | J5: 66.75 | K5: 4827 | L5: 9567 | M5: 3272 | N5: 9080 | O5: 2251 | P5: 10337 | Q5: 549 | R5: 792.1 | T5: 4.7758 | U5: 1429 | V5: 100.31 | W5: 109.23 | X5: 3.1071
B6: =Instrument!E1 -> /KWZ26 | C6: 46317 | D6: 624.75 | E6: 665.75 | F6: 6.4175 | G6: 460.5 | H6: 1264.75 | I6: 347.3 | J6: 66.74 | K6: 4792 | L6: 9579 | M6: 3240 | N6: 8943 | O6: 2254 | P6: 10212 | Q6: 547.25 | R6: 791.3 | S6: 2.0425 | T6: 4.7366 | U6: 1393.75 | V6: 99.47 | W6: 108.66 | X6: 3.0893
B7: =Instrument!H1 -> /MWEZ26 | C7: 46316 | D7: 628.25 | E7: 673 | F7: 6.515 | G7: 463.25 | H7: 1258.25 | I7: 348.3 | J7: 65.97 | K7: 4767 | L7: 9614 | M7: 3263 | N7: 8917 | O7: 2268 | P7: 10231 | Q7: 540.25 | R7: 785.5 | S7: 2.06 | T7: 4.5772 | U7: 1379.25 | V7: 97.15 | W7: 105.07 | X7: 3.039
B8: =Instrument!K1 -> /CZ26 | C8: 46315 | D8: 643.25 | E8: 691 | F8: 6.6175 | G8: 462 | H8: 1263.5 | I8: 348.7 | J8: 66.73 | K8: 4817 | L8: 9523 | M8: 3277 | N8: 8891 | O8: 2299 | P8: 10295 | Q8: 545 | R8: 793.9 | S8: 2.07 | T8: 4.7141 | U8: 1400.5 | V8: 97.82 | W8: 105.1 | X8: 3.0441
B9: =Instrument!N1 -> /SF27 | C9: 46314 | D9: 655.25 | E9: 699.5 | F9: 6.7 | G9: 467 | H9: 1268.75 | I9: 354.8 | J9: 66.69 | K9: 4766 | L9: 9499 | M9: 3277 | N9: 8874 | O9: 2350 | P9: 10274 | Q9: 546.5 | R9: 800.2 | S9: 2.0875 | T9: 4.726 | U9: 1402.25 | V9: 98.54 | W9: 106.07 | X9: 3.1047
B10: =Instrument!Q1 -> /SMZ26 | C10: 46311 | D10: 660.5 | E10: 704 | F10: 6.765 | G10: 474.25 | H10: 1275.75 | I10: 357.1 | J10: 67.13 | K10: 4769 | L10: 9418 | M10: 3299 | N10: 8834 | O10: 2345 | P10: 10311 | Q10: 552 | R10: 811.6 | S10: 2.1 | T10: 4.7232 | U10: 1369.5 | V10: 99.02 | W10: 106.82 | X10: 3.1443
B11: =Instrument!T1 -> /BOZ26 | C11: 46310 | D11: 670 | E11: 713 | F11: 6.86 | G11: 478 | H11: 1277.75 | I11: 359.8 | J11: 67.15 | K11: 4725 | L11: 9566 | M11: 3340 | N11: 8921 | O11: 2370 | P11: 10318 | Q11: 554.75 | R11: 813.7 | S11: 2.095 | T11: 4.6545 | U11: 1386.75 | V11: 96.5 | W11: 103.17 | X11: 3.0798
B12: =Instrument!W1 -> /FCPOF27 | C12: 46309 | D12: 673.25 | E12: 715 | F12: 6.9 | G12: 480.75 | H12: 1292 | I12: 364.5 | J12: 67.06 | K12: 4810 | L12: 9741 | M12: 3373 | N12: 9033 | O12: 2393 | P12: 10459 | Q12: 559.25 | R12: 824.6 | S12: 2.075 | T12: 4.7508 | U12: 1404 | V12: 93.9 | W12: 103.4 | X12: 3.142
B13: =Instrument!Z1 -> /DCPF7 | C13: 46308 | D13: 669.25 | E13: 712.25 | F13: 6.94 | G13: 482.75 | H13: 1300 | I13: 363.2 | J13: 68.02 | K13: 4787 | L13: 9639 | M13: 3373 | N13: 8962 | O13: 2378 | P13: 10394 | Q13: 559.25 | R13: 826.6 | S13: 2.09 | T13: 4.7766 | U13: 1410.75 | V13: 93.17 | W13: 102.91 | X13: 3.1338
B14: =Instrument!AC1 -> /DSMF7 | C14: 46307 | D14: 672.25 | E14: 715.25 | F14: 6.9625 | G14: 483 | H14: 1304.75 | I14: 368.7 | J14: 68.63 | K14: 4758 | L14: 9700 | M14: 3383 | N14: 9008 | O14: 2368 | P14: 10374 | Q14: 552.25 | S14: 2.11 | T14: 4.5868 | U14: 1371.25 | V14: 92.86 | W14: 103.2 | X14: 3.1706
B15: =Instrument!AF1 -> /DBYF7 | C15: 46304 | D15: 671 | E15: 719.25 | F15: 6.9525 | G15: 479.75 | H15: 1308.75 | I15: 365.6 | J15: 68.02 | K15: 4709 | L15: 9662 | M15: 3389 | N15: 8995 | O15: 2365 | P15: 10301 | Q15: 555.75 | R15: 829.8 | S15: 2.0675 | T15: 4.5884 | U15: 1376 | V15: 91.01 | W15: 101.25 | X15: 3.1534
B16: =Instrument!AI1 -> /CRSMF7 | C16: 46303 | D16: 683.25 | E16: 736.25 | F16: 7.06 | G16: 500.25 | H16: 1304.25 | I16: 357.6 | J16: 67.92 | K16: 4767 | L16: 9564 | M16: 3388 | N16: 8933 | O16: 2352 | P16: 10277 | Q16: 557.25 | R16: 828.9 | S16: 2.085 | T16: 4.7165 | U16: 1391.25 | V16: 90.75 | W16: 100.96 | X16: 3.1596
B17: =Instrument!AL1 -> /COIF7 | C17: 46302 | D17: 686.5 | E17: 738.5 | F17: 7.1025 | G17: 502 | H17: 1314.5 | I17: 365.8 | J17: 67.68 | K17: 4636 | Q17: 552.75 | R17: 822.9 | S17: 2.07 | T17: 4.4766 | U17: 1333 | V17: 87.55 | W17: 97.45 | X17: 3.0711
B18: =Instrument!AO1 -> /COMG7 | C18: 46301 | D18: 704.25 | E18: 756.25 | F18: 7.1975 | G18: 508 | H18: 1319.25 | I18: 354.8 | J18: 69.91 | K18: 4663 | Q18: 561 | R18: 839 | S18: 2.08 | T18: 4.4231 | U18: 1257 | V18: 88.43 | W18: 97.59 | X18: 3.088
B19: =Instrument!AR1 -> /RSF7 | C19: 46300 | D19: 692.25 | E19: 742.25 | F19: 7.085 | G19: 497.25 | H19: 1297.5 | I19: 347.1 | J19: 69.35 | K19: 4672 | Q19: 558 | R19: 832.8 | S19: 2.055 | T19: 4.4001 | U19: 1301.5 | V19: 88.2 | W19: 97.58 | X19: 3.0719
B20: =Instrument!AU1 -> /CUUV26 | C20: 46297 | D20: 683 | E20: 735.25 | F20: 6.98 | G20: 497.75 | H20: 1294.5 | I20: 347.5 | J20: 68.62 | K20: 4627 | Q20: 555.25 | R20: 828.7 | S20: 2.1 | T20: 4.3573 | U20: 1265.5 | V20: 89.43 | W20: 98.71 | X20: 3.1119
B21: =Instrument!AX1 -> /HOZ26 | C21: 46296 | D21: 682.75 | E21: 737.5 | F21: 6.9675 | G21: 502.25 | H21: 1300.75 | I21: 353.3 | J21: 67.38 | K21: 4652 | Q21: 551.75 | R21: 825.2 | S21: 2.115 | T21: 4.4906 | U21: 1335.75 | V21: 90.84 | W21: 98.43 | X21: 3.1729
B22: =Instrument!BA1 -> /LGOZ6 | C22: 46295 | D22: 675.75 | E22: 733 | F22: 6.9325 | G22: 500.75 | H22: 1309.25 | I22: 356.9 | J22: 68.28 | K22: 4717 | L22: 9593 | M22: 3369 | N22: 8934 | O22: 2332 | P22: 10217 | Q22: 554 | S22: 2.14 | T22: 4.5068 | U22: 1350.25 | V22: 88.42 | W22: 95.09 | X22: 3.0472
B23: =Instrument!BD1 -> /CLZ26 | C23: 46294 | D23: 692.75 | E23: 743 | F23: 6.9925 | G23: 522 | H23: 1312.75 | I23: 359 | J23: 68.36 | K23: 4731 | L23: 9571 | M23: 3347 | N23: 8855 | O23: 2298 | P23: 10044 | Q23: 557.75 | R23: 837.1 | S23: 2.145 | T23: 4.3323 | U23: 1297.25 | V23: 87.25 | W23: 93.51 | X23: 2.9459
B24: =Instrument!BJ1 -> /LCOF7 | C24: 46293 | D24: 688.75 | E24: 745.75 | F24: 7.0175 | G24: 523 | H24: 1303 | I24: 359.4 | J24: 67.66 | K24: 4774 | L24: 9675 | M24: 3386 | N24: 8883 | O24: 2337 | P24: 10134 | Q24: 548.25 | R24: 821.8 | S24: 2.185 | T24: 4.3681 | U24: 1336.75 | V24: 89.01 | W24: 94.4 | X24: 2.968
B25: =Instrument!BG1 -> /RBZ26 | C25: 46290 | D25: 703.25 | E25: 762 | F25: 7.135 | G25: 528.25 | H25: 1332.5 | I25: 371 | J25: 67.84 | K25: 4768 | Q25: 557.5 | R25: 841.4 | S25: 2.21 | T25: 4.3746 | U25: 1346.25 | V25: 88.71 | W25: 94.11 | X25: 2.9827
C26: 46289 | D26: 707 | E26: 767 | F26: 7.2025 | G26: 527.5 | H26: 1332 | I26: 372.4 | J26: 67.55 | K26: 4870 | L26: 9787 | M26: 3405 | N26: 8943 | O26: 2347 | P26: 10236 | Q26: 557.75 | R26: 841.2 | S26: 2.18 | T26: 4.4197 | U26: 1385.5 | V26: 90.9 | W26: 96.42 | X26: 3.095
C27: 46288 | D27: 708.5 | E27: 771.75 | F27: 7.2875 | G27: 529 | H27: 1333.75 | I27: 370.6 | J27: 67.81 | K27: 4851 | L27: 9740 | M27: 3414 | N27: 8927 | O27: 2361 | P27: 10145 | Q27: 561.75 | R27: 837.2 | S27: 2.175 | T27: 4.5171 | U27: 1344 | V27: 89.51 | W27: 95.03 | X27: 3.0751
C28: 46287 | D28: 717.25 | E28: 781.25 | F28: 7.3625 | G28: 536.75 | H28: 1341.25 | I28: 370.7 | J28: 67.92 | K28: 4884 | L28: 9859 | M28: 3410 | N28: 8946 | O28: 2362 | P28: 10243 | Q28: 560 | R28: 836.1 | S28: 2.185 | T28: 4.5489 | U28: 1311 | V28: 87.98 | W28: 92.74 | X28: 2.9699
C29: 46286 | D29: 726.75 | E29: 794.5 | F29: 7.4625 | G29: 543 | H29: 1344 | I29: 368.4 | J29: 68.85 | K29: 4929 | L29: 9876 | M29: 3391 | N29: 8897 | O29: 2347 | P29: 10186 | Q29: 563.25 | R29: 846.8 | S29: 2.19 | T29: 4.4851 | U29: 1305.75 | V29: 89.16 | W29: 93.4 | X29: 2.9445
C30: 46283 | D30: 714.25 | E30: 783.75 | F30: 7.4125 | G30: 527.5 | H30: 1320 | I30: 358.6 | J30: 68.22 | K30: 4983 | L30: 9907 | M30: 3429 | N30: 8905 | O30: 2389 | P30: 10113 | Q30: 557.25 | R30: 833 | S30: 2.16 | T30: 4.5875 | U30: 1351.75 | V30: 92.05 | W30: 96.03 | X30: 3.0015
C31: 46282 | D31: 727 | E31: 794.5 | F31: 7.525 | G31: 530.5 | H31: 1337 | I31: 371.3 | J31: 69.15 | K31: 5028 | L31: 10070 | M31: 3480 | N31: 9017 | O31: 2421 | P31: 10211 | Q31: 556 | R31: 844.1 | S31: 2.135 | T31: 4.6262 | U31: 1338.25 | V31: 92.61 | W31: 96.15 | X31: 2.9994
C32: 46281 | D32: 730.75 | E32: 799.5 | F32: 7.56 | G32: 534.25 | H32: 1337.25 | I32: 365.6 | J32: 69.67 | L32: 10066 | M32: 3434 | N32: 9000 | O32: 2372 | P32: 10169 | Q32: 556.75 | R32: 837.8 | S32: 2.105 | T32: 4.7155 | U32: 1364 | V32: 92.79 | W32: 96.69 | X32: 2.9871
C33: 46280 | D33: 728.5 | E33: 796.25 | F33: 7.485 | G33: 535.75 | H33: 1335.25 | I33: 365.4 | J33: 70.35 | K33: 5086 | L33: 10031 | M33: 3374 | N33: 8960 | O33: 2330 | P33: 10101 | Q33: 558.5 | R33: 840.9 | S33: 2.105 | T33: 4.7352 | U33: 1391.75 | V33: 95.51 | W33: 98.75 | X33: 3.0293
C34: 46279 | D34: 722 | E34: 792.5 | F34: 7.3625 | G34: 533.25 | H34: 1320.25 | I34: 356.2 | J34: 70.19 | K34: 5052 | L34: 10038 | M34: 3384 | N34: 9024 | O34: 2349 | P34: 10192 | Q34: 555.5 | R34: 834.3 | S34: 2.07 | T34: 4.54 | U34: 1320.25 | V34: 92.6 | W34: 96.85 | X34: 2.9522
C35: 46276 | D35: 725.25 | E35: 798.5 | F35: 7.45 | G35: 530.25 | H35: 1312 | I35: 352.8 | J35: 69.68 | K35: 5056 | L35: 10151 | M35: 3422 | N35: 9103 | O35: 2369 | P35: 10226 | Q35: 553 | R35: 827.1 | S35: 2.065 | T35: 4.5584 | U35: 1320.5 | V35: 91.43 | W35: 95.69 | X35: 2.939
C36: 46275 | D36: 741.25 | E36: 818.75 | F36: 7.625 | G36: 533.75 | H36: 1347.25 | I36: 356.9 | J36: 71.92 | K36: 5154 | L36: 10177 | M36: 3399 | N36: 9054 | O36: 2358 | P36: 10248 | Q36: 559.25 | R36: 849.4 | S36: 2.06 | T36: 4.6271 | U36: 1323.25 | V36: 93.93 | W36: 98.36 | X36: 3.024
C37: 46274 | D37: 728.75 | E37: 806.25 | F37: 7.48 | G37: 527.75 | H37: 1325.25 | I37: 351.4 | J37: 70.57 | K37: 5220 | L37: 10306 | M37: 3397 | N37: 9122 | O37: 2376 | P37: 10392 | Q37: 559 | R37: 841.2 | S37: 2.03 | T37: 4.4346 | U37: 1257.75 | V37: 89.32 | W37: 93.6 | X37: 2.8969
C38: 46273 | D38: 747 | E38: 819 | F38: 7.54 | G38: 533.5 | H38: 1332 | I38: 349.8 | J38: 70.7 | K38: 5224 | L38: 10421 | M38: 3415 | N38: 9210 | O38: 2398 | P38: 10377 | Q38: 558.75 | R38: 848.3 | S38: 2.055 | T38: 4.2527 | U38: 1225 | V38: 87.14 | W38: 91.3 | X38: 2.8931
C39: 46272 | K39: 5214 | L39: 10264 | M39: 3404 | N39: 9142 | O39: 2400 | P39: 10238 | Q39: 556.5 | U39: 1237.25 | W39: 89.94
C40: 46269 | D40: 734 | E40: 802.25 | F40: 7.45 | G40: 536.75 | H40: 1325 | I40: 355.1 | J40: 69.27 | K40: 5155 | L40: 10212 | M40: 3402 | N40: 9144 | O40: 2397 | P40: 10152 | Q40: 553.5 | R40: 832.7 | S40: 2.08 | T40: 4.2091 | U40: 1200 | V40: 85.46 | W40: 89.15 | X40: 2.8345
C41: 46268 | D41: 754.25 | E41: 815.5 | F41: 7.655 | G41: 540.75 | H41: 1331.5 | I41: 355.5 | J41: 70.04 | K41: 5107 | L41: 10270 | M41: 3386 | N41: 9182 | O41: 2393 | P41: 10226 | Q41: 553 | R41: 839.5 | S41: 2.095 | T41: 4.2399 | U41: 1218.5 | V41: 84.79 | W41: 88.32 | X41: 2.7993
C42: 46267 | D42: 774 | E42: 834.25 | F42: 7.82 | G42: 543.5 | H42: 1325 | I42: 349.6 | J42: 70.96 | K42: 5148 | L42: 10262 | M42: 3376 | N42: 9135 | O42: 2379 | P42: 10279 | Q42: 554.5 | R42: 835.9 | S42: 2.085 | T42: 4.2959 | U42: 1221.25 | V42: 85.25 | W42: 88.98 | X42: 2.7899
C43: 46266 | D43: 782.5 | E43: 845.25 | F43: 7.7675 | G43: 546 | H43: 1332.75 | I43: 352.6 | J43: 72.63 | K43: 5149 | L43: 10293 | M43: 3357 | N43: 9072 | O43: 2362 | P43: 10234 | Q43: 558.5 | R43: 852.3 | S43: 2.075 | T43: 4.3085 | U43: 1207.75 | V43: 84.97 | W43: 88.67 | X43: 2.8125
C44: 46265 | D44: 774 | E44: 838 | F44: 7.63 | G44: 537.75 | H44: 1303.25 | I44: 345.3 | J44: 71.12 | L44: 10241 | M44: 3353 | N44: 9013 | O44: 2367 | P44: 10240 | Q44: 546.5 | R44: 823.3 | S44: 2.045 | T44: 4.0753 | U44: 1157.25 | V44: 82.07 | W44: 86.15 | X44: 2.7321
C45: 46262 | D45: 784 | E45: 844.25 | F45: 7.6925 | G45: 536.5 | H45: 1302.75 | I45: 348.9 | J45: 71.06 | K45: 5067 | L45: 10089 | M45: 3344 | N45: 8908 | O45: 2372 | P45: 10167 | Q45: 548.25 | R45: 833.2 | S45: 2.0375 | T45: 3.9421 | U45: 1117.25 | V45: 80 | W45: 84.16 | X45: 2.6839
C46: 46261 | D46: 760.75 | E46: 822 | F46: 7.5775 | G46: 533.5 | H46: 1283 | I46: 340.9 | J46: 68.51 | K46: 4984 | L46: 10060 | M46: 3324 | N46: 8818 | O46: 2357 | P46: 10134 | Q46: 542.5 | R46: 813.6 | S46: 2.0075 | T46: 3.8963 | U46: 1090.5 | V46: 80.11 | W46: 84.23 | X46: 2.6473
C47: 46260 | D47: 748.25 | E47: 808.75 | F47: 7.48 | G47: 536.5 | H47: 1280.75 | I47: 339.3 | J47: 67.74 | K47: 4996 | L47: 10039 | M47: 3266 | N47: 8760 | O47: 2306 | P47: 10105 | Q47: 541.5 | R47: 808.3 | S47: 2.0525 | T47: 3.8576 | U47: 1105.25 | V47: 79.27 | W47: 83.38 | X47: 2.6099
C48: 46259 | D48: 703.25 | E48: 770.75 | F48: 7.2 | G48: 523.5 | H48: 1252.25 | I48: 329.2 | J48: 67.78 | L48: 10064 | M48: 3228 | N48: 8748 | O48: 2267 | P48: 10112 | Q48: 536 | R48: 799.6 | S48: 2.05 | T48: 3.8728 | U48: 1110.5 | V48: 79.15 | W48: 83.45 | X48: 2.6012
C49: 46258 | D49: 699.5 | E49: 767.25 | F49: 7.2125 | G49: 515.5 | H49: 1238.25 | I49: 328.6 | J49: 67.31 | K49: 5064 | L49: 10178 | M49: 3240 | N49: 8811 | O49: 2275 | P49: 10248 | Q49: 524.75 | R49: 779.4 | S49: 2.105 | T49: 3.9138 | U49: 1127.25 | V49: 81.34 | W49: 85.96 | X49: 2.6465
C50: 46255 | D50: 699.25 | E50: 772.5 | F50: 7.245 | G50: 508.5 | H50: 1253.75 | I50: 325.8 | J50: 69.58 | K50: 5118 | L50: 10146 | M50: 3244 | N50: 8836 | O50: 2281 | P50: 10338 | Q50: 541.25 | R50: 808.4 | S50: 2.105 | T50: 4.0847 | U50: 1165.25 | V50: 83.02 | W50: 87.67 | X50: 2.7201
C51: 46254 | D51: 700 | E51: 776.5 | F51: 7.2775 | G51: 503.5 | H51: 1251.5 | I51: 323.8 | J51: 71.32 | K51: 5070 | L51: 10082 | M51: 3264 | N51: 8809 | O51: 2304 | P51: 10400 | Q51: 547.25 | R51: 828.9 | S51: 2.0625 | T51: 4.0875 | U51: 1151 | V51: 82.67 | W51: 87 | X51: 2.7173
C52: 46253 | D52: 697.5 | E52: 776.75 | F52: 7.2025 | G52: 498 | H52: 1251.25 | I52: 325.6 | J52: 69.96 | K52: 5033 | L52: 9970 | M52: 3246 | N52: 8722 | O52: 2292 | P52: 10219 | Q52: 553 | R52: 827.9 | S52: 2.025 | T52: 4.0114 | U52: 1136.25 | V52: 81.07 | W52: 85.36 | X52: 2.6799
C53: 46252 | D53: 681.25 | E53: 758.5 | F53: 7.0375 | G53: 488 | H53: 1231.5 | I53: 318.8 | J53: 69.63 | K53: 5007 | L53: 9896 | M53: 3218 | N53: 8644 | O53: 2270 | P53: 10198 | Q53: 547.5 | R53: 814.9 | S53: 2.0225 | T53: 4.0084 | U53: 1128 | V53: 81.2 | W53: 85.59 | X53: 2.689
C54: 46251 | D54: 689.25 | E54: 771.75 | F54: 7.03 | G54: 489.5 | H54: 1231 | I54: 318.7 | J54: 70.82 | K54: 4970 | L54: 9808 | M54: 3174 | N54: 8547 | O54: 2246 | P54: 10146 | Q54: 550.5 | R54: 836.3 | S54: 2.0125 | T54: 3.9882 | U54: 1105.25 | V54: 80.83 | W54: 85.03 | X54: 2.6642
C55: 46248 | D55: 689.5 | E55: 767.75 | F55: 7.0425 | G55: 483.25 | H55: 1207.75 | I55: 316.3 | J55: 68.97 | K55: 4936 | L55: 9767 | M55: 3154 | N55: 8500 | O55: 2238 | P55: 10087 | Q55: 547.5 | R55: 826.4 | S55: 1.995 | T55: 3.8681 | U55: 1079 | V55: 78.49 | W55: 82.64 | X55: 2.6105
C56: 46247 | D56: 668.25 | E56: 734.75 | F56: 6.9375 | G56: 472 | H56: 1197.75 | I56: 314 | J56: 68.38 | K56: 4908 | L56: 9699 | M56: 3154 | N56: 8453 | O56: 2233 | P56: 9969 | Q56: 542.25 | R56: 811.1 | S56: 1.955 | T56: 3.841 | U56: 1086.75 | V56: 77.6 | W56: 81.79 | X56: 2.5807
C57: 46246 | D57: 669.75 | E57: 737.75 | F57: 6.98 | G57: 480.75 | H57: 1199 | I57: 315.1 | J57: 68.76 | K57: 4872 | L57: 9696 | M57: 3131 | N57: 8443 | O57: 2227 | P57: 9935 | Q57: 538.25 | R57: 803.6 | S57: 1.9625 | T57: 3.8706 | U57: 1079.5 | V57: 78.79 | W57: 82.91 | X57: 2.6077
C58: 46245 | D58: 648.25 | E58: 716 | F58: 6.845 | G58: 460.5 | H58: 1184.25 | I58: 310.9 | J58: 68.12 | K58: 4906 | L58: 9743 | M58: 3139 | N58: 8460 | O58: 2234 | P58: 9961 | Q58: 536.25 | R58: 791.2 | S58: 1.9275 | T58: 3.8114 | U58: 1055.25 | V58: 78.58 | W58: 82.73 | X58: 2.6052
C59: 46244 | D59: 659.25 | E59: 731.25 | F59: 6.95 | G59: 461.75 | H59: 1194.75 | I59: 311.6 | J59: 69.14 | K59: 4872 | L59: 9700 | M59: 3146 | N59: 8456 | O59: 2242 | P59: 9934 | Q59: 540.25 | R59: 804.8 | S59: 1.9425 | T59: 3.7948 | U59: 1055.25 | V59: 78.49 | W59: 82.57 | X59: 2.5985
C60: 46241 | D60: 658.25 | E60: 730.5 | F60: 7.0225 | G60: 462 | H60: 1191.25 | I60: 313.4 | J60: 67.88 | K60: 4829 | L60: 9662 | M60: 3144 | N60: 8434 | O60: 2235 | P60: 9909 | Q60: 535 | R60: 788.8 | S60: 1.94 | T60: 3.5827 | U60: 1003.75 | V60: 74.64 | W60: 78.68 | X60: 2.49
... C63: 46238 | D63: 657.25 | E63: 724.5 | F63: 7.0925 | G63: 465.5 | H63: 1193.25 | I63: 318.4 | J63: 67.52 | K63: 4794 | L63: 9581 | M63: 3131 | N63: 8430 | O63: 2242 | P63: 9825 | Q63: 520 | R63: 770.7 | S63: 1.915 | T63: 3.4308 | U63: 959.75 | V63: 72.03 | W63: 75.97 | X63: 2.3826
C64: 46237 | D64: 669.25 | E64: 734 | F64: 7.2 | G64: 472.5 | H64: 1207 | I64: 321.6 | J64: 68.14 | K64: 4727 | L64: 9561 | M64: 3126 | N64: 8398 | O64: 2242 | P64: 9759 | Q64: 523.5 | S64: 1.9325 | T64: 3.5009 | U64: 989.5 | V64: 73.94 | W64: 77.99 | X64: 2.4605
C65: 46234 | D65: 657.5 | E65: 723.75 | F65: 7.145 | G65: 464 | H65: 1201.25 | I65: 321.2 | J65: 66.9 | K65: 4732 | L65: 9608 | M65: 3135 | N65: 8412 | O65: 2244 | P65: 9761 | Q65: 512.5 | R65: 767.5 | S65: 1.9125 | T65: 3.63 | U65: 1029.25 | V65: 76.44 | W65: 80.59 | X65: 2.5502
C66: 46233 | D66: 681.5 | E66: 746.75 | F66: 7.355 | G66: 468.5 | H66: 1203.5 | I66: 322.8 | J66: 67.29 | K66: 4770 | L66: 9628 | M66: 3141 | N66: 8424 | O66: 2256 | P66: 9784 | Q66: 527.25 | R66: 777.6 | S66: 1.92 | T66: 3.6085 | U66: 1009.75 | V66: 76.12 | W66: 80.21 | X66: 2.544
C67: 46232 | D67: 677.75 | E67: 740.75 | F67: 7.2825 | G67: 471.75 | H67: 1207.5 | I67: 323.5 | J67: 67.62 | K67: 4753 | L67: 9637 | M67: 3171 | N67: 8454 | O67: 2298 | P67: 9814 | Q67: 530.75 | R67: 780.9 | S67: 1.9275 | T67: 3.6737 | U67: 1018.5 | V67: 77.74 | W67: 81.96 | X67: 2.6069
C68: 46231 | D68: 679.75 | E68: 742 | F68: 7.2525 | G68: 480.5 | H68: 1233.75 | I68: 327.8 | J68: 68.93 | K68: 4734 | L68: 9612 | M68: 3177 | N68: 8455 | O68: 2305 | P68: 9844 | Q68: 530.75 | R68: 792.2 | S68: 1.93 | T68: 3.5015 | U68: 967.5 | V68: 73.85 | W68: 77.68 | X68: 2.5087
C69: 46230 | D69: 677.5 | E69: 745.5 | F69: 7.285 | G69: 474 | H69: 1227.5 | I69: 324.1 | J69: 69.58 | K69: 4757 | L69: 9711 | M69: 3230 | N69: 8543 | O69: 2349 | P69: 10002 | Q69: 536.5 | R69: 799.7 | S69: 1.9125 | T69: 3.5548 | U69: 991.25 | V69: 76.53 | W69: 80.71 | X69: 2.5621
C70: 46227 | D70: 695.5 | E70: 761.5 | F70: 7.3775 | G70: 487.5 | H70: 1266.5 | I70: 335.2 | J70: 72.01 | K70: 4800 | L70: 9817 | M70: 3246 | N70: 8610 | O70: 2356 | P70: 10132 | Q70: 550 | R70: 833.6 | S70: 1.93 | T70: 3.639 | U70: 1003.5 | V70: 79.33 | W70: 83.74 | X70: 2.6393
C71: 46226 | D71: 713.75 | E71: 775.75 | F71: 7.53 | G71: 487.5 | H71: 1257 | I71: 331.9 | J71: 72.98 | K71: 4793 | L71: 9714 | M71: 3237 | N71: 8526 | O71: 2325 | P71: 10009 | Q71: 561.75 | R71: 845.6 | S71: 1.9225 | T71: 3.7241 | U71: 1044.25 | V71: 80.1 | W71: 84.84 | X71: 2.6842
C72: 46225 | D72: 722.75 | E72: 779 | F72: 7.525 | G72: 484.75 | H72: 1252.75 | I72: 332.9 | J72: 72.82 | K72: 4711 | L72: 9546 | M72: 3198 | N72: 8488 | O72: 2298 | P72: 9887 | Q72: 555 | R72: 832.5 | S72: 1.9125 | T72: 3.6101 | U72: 1002.75 | V72: 78.64 | W72: 83.12 | X72: 2.6313
C73: 46224 | D73: 696 | E73: 749.5 | F73: 7.2825 | G73: 475.25 | H73: 1236.75 | I73: 327.3 | J73: 71.63 | K73: 4709 | L73: 9573 | M73: 3195 | N73: 8560 | O73: 2284 | P73: 9951 | Q73: 552.5 | R73: 812.9 | S73: 1.9025 | T73: 3.573 | U73: 990.5 | V73: 78.24 | W73: 82.51 | X73: 2.6149
C74: 46223 | D74: 691.5 | E74: 739 | F74: 7.1725 | G74: 473 | H74: 1240 | I74: 323.8 | J74: 72.13 | K74: 4735 | L74: 9623 | M74: 3157 | N74: 8581 | O74: 2260 | P74: 9936 | Q74: 556.25 | R74: 819.8 | S74: 1.9075 | T74: 3.5451 | U74: 976 | V74: 77.83 | W74: 82.12 | X74: 2.595
C75: 46220 | D75: 699.75 | E75: 746.75 | F75: 7.1675 | G75: 467.5 | H75: 1216.75 | I75: 318.5 | J75: 72.43 | K75: 4697 | L75: 9535 | M75: 3135 | N75: 8543 | O75: 2246 | P75: 9890 | Q75: 548 | R75: 803.8 | S75: 1.89 | T75: 3.5142 | U75: 968 | V75: 77.65 | W75: 82.02 | X75: 2.5861
C76: 46219 | D76: 691 | E76: 731.25 | F76: 7.085 | G76: 464 | H76: 1209.5 | I76: 322.4 | J76: 70.57 | K76: 4701 | L76: 9552 | M76: 3139 | N76: 8575 | O76: 2257 | P76: 9897 | Q76: 544 | R76: 792.2 | S76: 1.8825 | T76: 3.4829 | U76: 957 | V76: 75.43 | W76: 79.91 | X76: 2.5197
... C84: 46209 | D84: 628.5 | E84: 664.25 | F84: 6.51 | G84: 457.75 | H84: 1205.5 | I84: 313.5 | J84: 66.63 | K84: 4636 | L84: 9486 | M84: 3064 | N84: 8445 | O84: 2230 | P84: 9611 | Q84: 521.25 | R84: 766.1 | S84: 1.8875 | T84: 3.0368 | U84: 823.25 | V84: 68.43 | W84: 72.45 | X84: 2.3022
C85: 46206 | K85: 4583 | L85: 9430 | M85: 3033 | N85: 8390 | O85: 2217 | P85: 9523 | Q85: 515.25 | R85: 747.8 | U85: 806.75 | W85: 72.25
C86: 46205 | D86: 614 | E86: 652.25 | F86: 6.4 | G86: 441.5 | H86: 1162.25 | I86: 304.4 | J86: 65.43 | K86: 4609 | L86: 9496 | M86: 3037 | N86: 8404 | O86: 2222 | P86: 9539 | Q86: 514.5 | R86: 745.4 | S86: 1.855 | T86: 2.9463 | U86: 793.5 | V86: 68.34 | W86: 72.3 | X86: 2.2624
C87: 46204 | D87: 614.5 | E87: 649 | F87: 6.4175 | G87: 442.25 | H87: 1163.75 | I87: 304.7 | J87: 65.42 | K87: 4654 | L87: 9506 | M87: 3011 | N87: 8367 | O87: 2209 | P87: 9531 | Q87: 516.75 | S87: 1.8375 | T87: 2.959 | U87: 802 | V87: 68.13 | W87: 72.07 | X87: 2.2692
C88: 46203 | D88: 604.5 | E88: 640.25 | F88: 6.315 | G88: 436 | H88: 1158.75 | I88: 303.1 | J88: 65.35 | K88: 4638 | L88: 9570 | M88: 3008 | N88: 8408 | O88: 2218 | P88: 9647 | Q88: 512.75 | R88: 743.9 | S88: 1.83 | T88: 2.9624 | U88: 804.75 | V88: 68.35 | W88: 72.48 | X88: 2.2495
C89: 46202 | D89: 597 | E89: 629.5 | F89: 6.255 | G89: 430 | H89: 1153.5 | I89: 302.8 | J89: 66.65 | K89: 4671 | L89: 9565 | M89: 3021 | N89: 8418 | O89: 2240 | P89: 9654 | Q89: 519.25 | R89: 752.7 | S89: 1.8275 | T89: 2.9248 | U89: 794.75 | V89: 69.13 | W89: 72.97 | X89: 2.2617
C90: 46199 | D90: 607.25 | E90: 634.5 | F90: 6.3025 | G90: 441.5 | H90: 1170.5 | I90: 304.5 | J90: 67.09 | K90: 4650 | L90: 9519 | M90: 3019 | N90: 8368 | O90: 2232 | P90: 9563 | Q90: 517.75 | R90: 753.4 | S90: 1.8425 | T90: 2.8619 | U90: 775 | V90: 67.9 | W90: 71.85 | X90: 2.2186
C91: 46198 | D91: 618.25 | E91: 645.75 | F91: 6.3925 | G91: 443 | H91: 1171 | I91: 305 | J91: 67.19 | K91: 4642 | L91: 9421 | M91: 3001 | N91: 8302 | O91: 2222 | P91: 9529 | Q91: 523 | R91: 756.7 | S91: 1.8225 | T91: 2.9461 | U91: 797.75 | V91: 69.99 | W91: 74.06 | X91: 2.2757
C92: 46197 | D92: 612.75 | E92: 640.75 | F92: 6.405 | G92: 434.75 | H92: 1149 | I92: 300.1 | J92: 65.74 | K92: 4729 | L92: 9599 | M92: 3005 | N92: 8333 | O92: 2242 | P92: 9674 | Q92: 520.5 | R92: 753.6 | S92: 1.785 | T92: 2.8942 | U92: 785.5 | V92: 68.51 | W92: 72.72 | X92: 2.2352
C93: 46196 | D93: 613.75 | E93: 639.5 | F93: 6.4125 | G93: 437.25 | H93: 1156 | I93: 301.3 | J93: 66.58 | K93: 4753 | L93: 9644 | M93: 2992 | N93: 8315 | O93: 2221 | P93: 9642 | Q93: 521.5 | R93: 757.2 | S93: 1.775 | T93: 2.9384 | U93: 801.5 | V93: 70.73 | W93: 75.02 | X93: 2.29
C94: 46195 | D94: 624 | E94: 654.25 | F94: 6.615 | G94: 439.5 | H94: 1155.75 | I94: 303.4 | J94: 66.9 | K94: 4772 | L94: 9634 | M94: 2997 | N94: 8331 | O94: 2219 | P94: 9656 | Q94: 516.75 | R94: 751.7 | S94: 1.7825 | T94: 2.9147 | U94: 801.25 | V94: 70.99 | W94: 75.36 | X94: 2.2973
C95: 46192 | K95: 4728 | Q95: 510.25 | R95: 741.2 | U95: 820.5 | W95: 77.14
C96: 46191 | D96: 630.25 | E96: 665.75 | F96: 6.705 | G96: 444 | H96: 1156.5 | I96: 303.3 | J96: 65.8 | K96: 4683 | L96: 9585 | M96: 3011 | N96: 8325 | O96: 2225 | P96: 9696 | Q96: 509 | R96: 742.2 | S96: 1.8125 | T96: 2.9483 | U96: 792.5 | V96: 72.49 | W96: 76.81 | X96: 2.329
C97: 46190 | D97: 636.75 | E97: 673.75 | F97: 6.7025 | G97: 448.75 | H97: 1163 | I97: 306.1 | J97: 67.17 | L97: 9616 | M97: 3020 | N97: 8346 | O97: 2229 | P97: 9772 | Q97: 516 | R97: 755.1 | S97: 1.7875 | T97: 2.9929 | U97: 825.5 | V97: 72.57 | W97: 76.72 | X97: 2.3242
C98: 46189 | D98: 621.75 | E98: 656.25 | F98: 6.575 | G98: 442.5 | H98: 1160.25 | I98: 307.2 | J98: 68.04 | K98: 4682 | L98: 9519 | M98: 2997 | N98: 8279 | O98: 2214 | P98: 9770 | Q98: 515 | R98: 762.4 | S98: 1.785 | T98: 2.9993 | U98: 826 | V98: 72.5 | W98: 76.66 | X98: 2.335
C99: 46188 | D99: 616.75 | E99: 658.5 | F99: 6.62 | G99: 441.75 | H99: 1149.5 | I99: 305.6 | J99: 69.31 | K99: 4595 | L99: 9507 | M99: 2999 | N99: 8290 | O99: 2214 | P99: 9803 | Q99: 519.25 | R99: 768.7 | S99: 1.815 | T99: 3.081 | U99: 846.75 | V99: 74.72 | W99: 78.87 | X99: 2.3951
C100: 46185 | D100: 612 | E100: 654 | F100: 6.6475 | G100: 440.25 | H100: 1147 | I100: 304.8 | J100: 69.67 | K100: 4619 | L100: 9626 | M100: 3000 | N100: 8331 | O100: 2210 | P100: 9858 | Q100: 528 | R100: 774.2 | S100: 1.85 | T100: 3.1844 | U100: 871.25 | V100: 77.41 | W100: 81.69 | X100: 2.4579
C101: 46184 | D101: 614.75 | E101: 656.25 | F101: 6.68 | G101: 439.5 | H101: 1148 | I101: 304.5 | J101: 70.14 | K101: 4712 | L101: 9645 | M101: 3000 | N101: 8336 | O101: 2210 | P101: 9917 | Q101: 533.25 | R101: 781.2 | S101: 1.8425 | T101: 3.2968 | U101: 929.25 | V101: 80.31 | W101: 84.62 | X101: 2.5241
C102: 46183 | D102: 617.25 | E102: 655.5 | F102: 6.665 | G102: 446.75 | H102: 1152.25 | I102: 305.5 | J102: 70.93 | K102: 4703 | L102: 9570 | M102: 2980 | N102: 8297 | O102: 2196 | P102: 9866 | Q102: 533.25 | R102: 783.2 | S102: 1.8675 | T102: 3.3746 | U102: 924.25 | V102: 81.52 | W102: 85.89 | X102: 2.5583
C103: 46182 | D103: 614.25 | E103: 654.5 | F103: 6.6575 | G103: 445.25 | H103: 1146.25 | I103: 306.4 | J103: 70.58 | K103: 4692 | L103: 9609 | M103: 2978 | N103: 8307 | O103: 2202 | P103: 9910 | Q103: 526.25 | R103: 776.8 | S103: 1.8775 | T103: 3.3284 | U103: 912.5 | V103: 80.06 | W103: 84.58 | X103: 2.5271
C104: 46181 | D104: 613.75 | E104: 654.25 | F104: 6.665 | G104: 446 | H104: 1150 | I104: 309.1 | J104: 70.71 | K104: 4726 | L104: 9672 | M104: 2984 | N104: 8367 | O104: 2209 | P104: 9990 | Q104: 527.5 | R104: 777.1 | S104: 1.89 | T104: 3.3683 | U104: 936 | V104: 81.45 | W104: 85.96 | X104: 2.5565
C105: 46178 | D105: 611.5 | E105: 646.75 | F105: 6.6975 | G105: 446 | H105: 1152.25 | I105: 311.2 | J105: 70.81 | K105: 4699 | L105: 9760 | M105: 2996 | N105: 8428 | O105: 2223 | P105: 10069 | Q105: 525.75 | R105: 771.9 | S105: 1.9 | T105: 3.3327 | U105: 922.5 | V105: 79.46 | W105: 84.12 | X105: 2.5134
C106: 46177 | D106: 613.5 | E106: 648.5 | F106: 6.69 | G106: 451.75 | H106: 1156.25 | I106: 313.3 | J106: 72.25 | K106: 4733 | L106: 9967 | M106: 3024 | N106: 8553 | O106: 2245 | P106: 10258 | Q106: 528.25 | R106: 793.9 | S106: 1.895 | T106: 3.3762 | U106: 925.5 | V106: 80.46 | W106: 85.04 | X106: 2.5308
C107: 46176 | D107: 620.5 | E107: 652 | F107: 6.7175 | G107: 459.75 | H107: 1181.75 | I107: 319.2 | J107: 74 | K107: 4804 | L107: 9963 | M107: 3032 | N107: 8547 | O107: 2253 | P107: 10108 | Q107: 538.5 | R107: 808 | S107: 1.91 | T107: 3.4841 | U107: 948 | V107: 82.42 | W107: 86.91 | X107: 2.5895
C108: 46175 | D108: 635.25 | E108: 662.25 | F108: 6.815 | G108: 466.5 | H108: 1191.75 | I108: 320 | J108: 73.29 | L108: 9949 | M108: 3039 | N108: 8555 | O108: 2264 | P108: 9931 | Q108: 532.5 | R108: 789.1 | S108: 1.9275 | T108: 3.3775 | U108: 918 | V108: 80.96 | W108: 85.99 | X108: 2.5538
C109: 46174 | D109: 640.5 | E109: 673.5 | F109: 6.9425 | G109: 472.5 | H109: 1202.5 | I109: 319.1 | J109: 73.83 | L109: 9903 | M109: 3046 | N109: 8549 | O109: 2259 | P109: 9892 | Q109: 533.5 | R109: 793.7 | S109: 1.945 | T109: 3.3275 | U109: 926.5 | V109: 80.23 | W109: 84.88 | X109: 2.5142
...

Sheet VaR
A1: /WZ25 | B1: /KWZ25 | C1: /MWEZ25 | D1: /CZ25 | E1: /SF26 | F1: /SMZ25 | G1: /BOZ25 | H1: /FCPOF26 | I1: /DCPF6 | J1: /DSMF6 | K1: /DBYF6 | L1: /CRSMF6 | M1: /COIF6 | N1: /COMG6 | O1: /RSF6 | P1: /CUUZ25 | Q1: /HOZ25 | R1: /LGOZ5 | S1: /CLF26 | T1: /LCOJ6 | U1: /RBG26 | AD1: 60 | AE1: {=_xlfn._xlws.PY(0,1,VaR[#All])} -> #VALUE! | AF1: Create dataframe | AU1: ="n="&AD1 -> n=60 | AY1: % | BA1: Base Unit | BC1: $/MT | BH1: {=_xlfn._xlws.PY(1,1)} -> #VALUE!
A2: 660.5 | B2: 704 | C2: 6.765 | D2: 474.25 | E2: 1261.25 | F2: 357.1 | G2: 67.13 | H2: 4676 | I2: 9418 | J2: 3299 | K2: 8834 | L2: 2345 | M2: 10311 | N2: 552 | O2: 811.6 | P2: 2.1 | Q2: 4.7232 | R2: 1369.5 | S2: 99.02 | T2: 106.82 | U2: 3.1443 | AE2: {=_xlfn._xlws.PY(2,0,AD1)} | AF2: mean | AG2: stdev | AH2: p1 | AI2: p5 | AJ2: p95 | AK2: p99 | AM2: {=_xlfn._xlws.PY(3,0,AD1)} | AN2: mean | AO2: stdev | AP2: p1 | AQ2: p5 | AR2: p95 | AS2: p99 | AU2: Unit | AV2: Commodity | AW2: Mean | AX2: σ | AY2: Z_95 | AZ2: Z_99 | BA2: Z_95 | BB2: Z_99 | BC2: Z_95 | BD2: Z_99 | BF2: Conversion
A3: 670 | B3: 713 | C3: 6.86 | D3: 478 | E3: 1263 | F3: 359.8 | G3: 67.15 | H3: 4619 | I3: 9566 | J3: 3340 | K3: 8921 | L3: 2370 | M3: 10318 | N3: 554.75 | O3: 813.7 | P3: 2.095 | Q3: 4.6545 | R3: 1386.75 | S3: 96.5 | T3: 103.17 | U3: 3.0798 | AE3: /WZ25 | AF3: -1.2541667 | AG3: 12.746676 | AH3: -30.907368 | AI3: -22.220582 | AJ3: 19.712249 | AK3: 28.399035 | AM3: /WZ25 | AN3: -0.0016325426 | AO3: 0.018083156 | AP3: -0.043700255 | AQ3: -0.031376688 | AR3: 0.028111603 | AS3: 0.04043517 | AU3: c/bu | AV3: Wheat | AW3: =AN3 -> -0.0016325426 | AX3: =AO3 -> 0.018083156 | AY3: =AVERAGE(ABS(AQ3),AR3) -> 0.029744145 | AZ3: =AVERAGE(ABS(AP3),AS3) -> 0.042067712 | BA3: =AVERAGE(ABS(AI3),AJ3) -> 20.966415 | BB3: =AVERAGE(ABS(AH3),AK3) -> 29.653201 | BC3: =BA3*BF3 -> 7.703061 | BD3: =BB3*BF3 -> 10.894586 | BF3: 0.3674
A4: 673.25 | B4: 715 | C4: 6.9 | D4: 480.75 | E4: 1277.25 | F4: 364.5 | G4: 67.06 | H4: 4700 | I4: 9741 | J4: 3373 | K4: 9033 | L4: 2393 | M4: 10459 | N4: 559.25 | O4: 824.6 | P4: 2.075 | Q4: 4.7508 | R4: 1404 | S4: 93.9 | T4: 103.4 | U4: 3.142 | AE4: /KWZ25 | AF4: -1.5291667 | AG4: 12.664937 | AH4: -30.992215 | AI4: -22.361133 | AJ4: 19.3028 | AK4: 27.933882 | AM4: /KWZ25 | AN4: -0.0018955796 | AO4: 0.016569398 | AP4: -0.040441764 | AQ4: -0.029149815 | AR4: 0.025358655 | AS4: 0.036650605 | AU4: c/bu | AV4: Kansas Wheat | AW4: =AN4 -> -0.0018955796 | AX4: =AO4 -> 0.016569398 | AY4: =AVERAGE(ABS(AQ4),AR4) -> 0.027254235 | AZ4: =AVERAGE(ABS(AP4),AS4) -> 0.038546185 | BA4: =AVERAGE(ABS(AI4),AJ4) -> 20.831967 | BB4: =AVERAGE(ABS(AH4),AK4) -> 29.463048 | BC4: =BA4*BF4 -> 7.6536646 | BD4: =BB4*BF4 -> 10.824724 | BF4: 0.3674
A5: 669.25 | B5: 712.25 | C5: 6.94 | D5: 482.75 | E5: 1283.75 | F5: 363.2 | G5: 68.02 | H5: 4682 | I5: 9639 | J5: 3373 | K5: 8962 | L5: 2378 | M5: 10394 | N5: 559.25 | O5: 826.6 | P5: 2.09 | Q5: 4.7766 | R5: 1410.75 | S5: 93.17 | T5: 102.91 | U5: 3.1338 | AE5: /MWEZ25 | AF5: -0.014166667 | AG5: 0.10045729 | AH5: -0.24786526 | AI5: -0.1794042 | AJ5: 0.15107087 | AK5: 0.21953193 | AM5: /MWEZ25 | AN5: -0.0018797939 | AO5: 0.013756671 | AP5: -0.033882596 | AQ5: -0.024507504 | AR5: 0.020747916 | AS5: 0.030123008 | AU5: $/bu | AV5: Minneapolis Wheat | AW5: =AN5 -> -0.0018797939 | AX5: =AO5 -> 0.013756671 | AY5: =AVERAGE(ABS(AQ5),AR5) -> 0.02262771 | AZ5: =AVERAGE(ABS(AP5),AS5) -> 0.032002802 | BA5: =AVERAGE(ABS(AI5),AJ5) -> 0.16523753 | BB5: =AVERAGE(ABS(AH5),AK5) -> 0.2336986 | BC5: =BA5*BF5 -> 6.070827 | BD5: =BB5*BF5 -> 8.5860865 | BF5: 36.74
A6: 672.25 | B6: 715.25 | C6: 6.9625 | D6: 483 | E6: 1287.75 | F6: 368.7 | G6: 68.63 | H6: 4637 | I6: 9700 | J6: 3383 | K6: 9008 | L6: 2368 | M6: 10374 | N6: 552.25 | P6: 2.11 | Q6: 4.5868 | R6: 1371.25 | S6: 92.86 | T6: 103.2 | U6: 3.1706 | AE6: /CZ25 | AF6: -0.12083333 | AG6: 7.459423 | AH6: -17.474046 | AI6: -12.390492 | AJ6: 12.148826 | AK6: 17.232379 | AM6: /CZ25 | AN6: -0.00015340277 | AO6: 0.014975787 | AP6: -0.034992294 | AQ6: -0.024786381 | AR6: 0.024479576 | AS6: 0.034685489 | AU6: c/bu | AV6: Corn | AW6: =AN6 -> -0.00015340277 | AX6: =AO6 -> 0.014975787 | AY6: =AVERAGE(ABS(AQ6),AR6) -> 0.024632978 | AZ6: =AVERAGE(ABS(AP6),AS6) -> 0.034838891 | BA6: =AVERAGE(ABS(AI6),AJ6) -> 12.269659 | BB6: =AVERAGE(ABS(AH6),AK6) -> 17.353213 | BC6: =BA6*BF6 -> 4.8293377 | BD6: =BB6*BF6 -> 6.8302245 | BF6: 0.3936
A7: 671 | B7: 719.25 | C7: 6.9525 | D7: 479.75 | E7: 1292 | F7: 365.6 | G7: 68.02 | H7: 4592 | I7: 9662 | J7: 3389 | K7: 8995 | L7: 2365 | M7: 10301 | N7: 555.75 | O7: 829.8 | P7: 2.0675 | Q7: 4.5884 | R7: 1376 | S7: 91.01 | T7: 101.25 | U7: 3.1534 | AE7: /SF26 | AF7: 0.2625 | AG7: 14.236756 | AH7: -32.857147 | AI7: -23.15488 | AJ7: 23.67988 | AK7: 33.382147 | AM7: /SF26 | AN7: 0.0002763678 | AO7: 0.011235609 | AP7: -0.025861567 | AQ7: -0.018204564 | AR7: 0.0187573 | AS7: 0.026414303 | AU7: c/bu | AV7: Soy | AW7: =AN7 -> 0.0002763678 | AX7: =AO7 -> 0.011235609 | AY7: =AVERAGE(ABS(AQ7),AR7) -> 0.018480932 | AZ7: =AVERAGE(ABS(AP7),AS7) -> 0.026137935 | BA7: =AVERAGE(ABS(AI7),AJ7) -> 23.41738 | BB7: =AVERAGE(ABS(AH7),AK7) -> 33.119647 | BC7: =BA7*BF7 -> 8.6035453 | BD7: =BB7*BF7 -> 12.168158 | BF7: 0.3674
A8: 683.25 | B8: 736.25 | C8: 7.06 | D8: 500.25 | E8: 1287.5 | F8: 357.6 | G8: 67.92 | H8: 4661 | I8: 9564 | J8: 3388 | K8: 8933 | L8: 2352 | M8: 10277 | N8: 557.25 | O8: 828.9 | P8: 2.085 | Q8: 4.7165 | R8: 1391.25 | S8: 90.75 | T8: 100.96 | U8: 3.1596 | AE8: /SMZ25 | AF8: 0.49166667 | AG8: 5.1649829 | AH8: -11.52388 | AI8: -8.0039741 | AJ8: 8.9873075 | AK8: 12.507214 | AM8: /SMZ25 | AN8: 0.0015280748 | AO8: 0.014742805 | AP8: -0.032768817 | AQ8: -0.022721681 | AR8: 0.02577783 | AS8: 0.035824967 | AU8: $/st | AV8: SBM | AW8: =AN8 -> 0.0015280748 | AX8: =AO8 -> 0.014742805 | AY8: =AVERAGE(ABS(AQ8),AR8) -> 0.024249756 | AZ8: =AVERAGE(ABS(AP8),AS8) -> 0.034296892 | BA8: =AVERAGE(ABS(AI8),AJ8) -> 8.4956408 | BB8: =AVERAGE(ABS(AH8),AK8) -> 12.015547 | BC8: =BA8*BF8 -> 9.3647449 | BD8: =BB8*BF8 -> 13.244737 | BF8: 1.1023
A9: 686.5 | B9: 738.5 | C9: 7.1025 | D9: 502 | E9: 1297.5 | F9: 365.8 | G9: 67.68 | H9: 4524 | N9: 552.75 | O9: 822.9 | P9: 2.07 | Q9: 4.4766 | R9: 1333 | S9: 87.55 | T9: 97.45 | U9: 3.0711 | AE9: /BOZ25 | AF9: -0.11866667 | AG9: 1.0391644 | AH9: -2.5361245 | AI9: -1.82794 | AJ9: 1.5906066 | AK9: 2.2987912 | AM9: /BOZ25 | AN9: -0.0015858826 | AO9: 0.014886736 | AP9: -0.036217608 | AQ9: -0.026072384 | AR9: 0.022900618 | AS9: 0.033045843 | AU9: c/lb | AV9: SBO | AW9: =AN9 -> -0.0015858826 | AX9: =AO9 -> 0.014886736 | AY9: =AVERAGE(ABS(AQ9),AR9) -> 0.024486501 | AZ9: =AVERAGE(ABS(AP9),AS9) -> 0.034631726 | BA9: =AVERAGE(ABS(AI9),AJ9) -> 1.7092733 | BB9: =AVERAGE(ABS(AH9),AK9) -> 2.4174578 | BC9: =BA9*BF9 -> 37.672383 | BD9: =BB9*BF9 -> 53.280771 | BF9: 22.04
A10: 704.25 | B10: 756.25 | C10: 7.1975 | D10: 508 | E10: 1303 | F10: 354.8 | G10: 69.91 | H10: 4560 | N10: 561 | O10: 839 | P10: 2.08 | Q10: 4.4231 | R10: 1257 | S10: 88.43 | T10: 97.59 | U10: 3.088 | AE10: /FCPOF26 | AF10: 1.1333333 | AG10: 47.358162 | AH10: -109.03823 | AI10: -76.763911 | AJ10: 79.030577 | AK10: 111.30489 | AM10: /FCPOF26 | AN10: 0.00028148589 | AO10: 0.0099225393 | AP10: -0.022801792 | AQ10: -0.016039639 | AR10: 0.016602611 | AS10: 0.023364764 | AU10: myr/MT | AV10: CPO | AW10: =AN10 -> 0.00028148589 | AX10: =AO10 -> 0.0099225393 | AY10: =AVERAGE(ABS(AQ10),AR10) -> 0.016321125 | AZ10: =AVERAGE(ABS(AP10),AS10) -> 0.023083278 | BA10: =AVERAGE(ABS(AI10),AJ10) -> 77.897244 | BB10: =AVERAGE(ABS(AH10),AK10) -> 110.17156 | BC10: =BA10*BF10 -> 18.77042 | BD10: =BB10*BF10 -> 26.547364 | BF10: =1/4.15 -> 0.24096386 | BG10: myr
A11: 692.25 | B11: 742.25 | C11: 7.085 | D11: 497.25 | E11: 1280.75 | F11: 347.1 | G11: 69.35 | H11: 4578 | N11: 558 | O11: 832.8 | P11: 2.055 | Q11: 4.4001 | R11: 1301.5 | S11: 88.2 | T11: 97.58 | U11: 3.0719 | AE11: /DCPF6 | AF11: -0.33333333 | AG11: 79.884592 | AH11: -186.17268 | AI11: -131.73179 | AJ11: 131.06513 | AK11: 185.50602 | AM11: /DCPF6 | AN11: -8.0373658e-06 | AO11: 0.0080864081 | AP11: -0.018819836 | AQ11: -0.013308995 | AR11: 0.01329292 | AS11: 0.018803761 | AU11: cny/MT | AV11: DCE Palm | AW11: =AN11 -> -8.0373658e-06 | AX11: =AO11 -> 0.0080864081 | AY11: =AVERAGE(ABS(AQ11),AR11) -> 0.013300958 | AZ11: =AVERAGE(ABS(AP11),AS11) -> 0.018811798 | BA11: =AVERAGE(ABS(AI11),AJ11) -> 131.39846 | BB11: =AVERAGE(ABS(AH11),AK11) -> 185.83935 | BC11: =BA11*BF11 -> 18.45484 | BD11: =BB11*BF11 -> 26.101032 | BF11: =1/7.12 -> 0.14044944 | BG11: cny
A12: 683 | B12: 735.25 | C12: 6.98 | D12: 497.75 | E12: 1278.25 | F12: 347.5 | G12: 68.62 | H12: 4535 | N12: 555.25 | O12: 828.7 | P12: 2.1 | Q12: 4.3573 | R12: 1265.5 | S12: 89.43 | T12: 98.71 | U12: 3.1119 | AE12: /DSMF6 | AF12: 2.9833333 | AG12: 24.833337 | AH12: -54.787648 | AI12: -37.863871 | AJ12: 43.830538 | AK12: 60.754314 | AM12: /DSMF6 | AN12: 0.00095749763 | AO12: 0.0075171136 | AP12: -0.016529924 | AQ12: -0.011407054 | AR12: 0.013322049 | AS12: 0.018444919 | AU12: cny/MT | AV12: DCE Meal | AW12: =AN12 -> 0.00095749763 | AX12: =AO12 -> 0.0075171136 | AY12: =AVERAGE(ABS(AQ12),AR12) -> 0.012364552 | AZ12: =AVERAGE(ABS(AP12),AS12) -> 0.017487421 | BA12: =AVERAGE(ABS(AI12),AJ12) -> 40.847205 | BB12: =AVERAGE(ABS(AH12),AK12) -> 57.770981 | BC12: =BA12*BF12 -> 5.7369669 | BD12: =BB12*BF12 -> 8.1139018 | BF12: =1/7.12 -> 0.14044944
A13: 682.75 | B13: 737.5 | C13: 6.9675 | D13: 502.25 | E13: 1284 | F13: 353.3 | G13: 67.38 | H13: 4554 | N13: 551.75 | O13: 825.2 | P13: 2.115 | Q13: 4.4906 | R13: 1335.75 | S13: 90.84 | T13: 98.43 | U13: 3.1729 | AE13: /DBYF6 | AF13: 5.2 | AG13: 55.701931 | AH13: -124.38207 | AI13: -86.421523 | AJ13: 96.821523 | AK13: 134.78207 | AM13: /DBYF6 | AN13: 0.00061414362 | AO13: 0.0062962084 | AP13: -0.014033027 | AQ13: -0.0097421976 | AR13: 0.010970485 | AS13: 0.015261315 | AU13: cny/MT | AV13: DCE BO | AW13: =AN13 -> 0.00061414362 | AX13: =AO13 -> 0.0062962084 | AY13: =AVERAGE(ABS(AQ13),AR13) -> 0.010356341 | AZ13: =AVERAGE(ABS(AP13),AS13) -> 0.014647171 | BA13: =AVERAGE(ABS(AI13),AJ13) -> 91.621523 | BB13: =AVERAGE(ABS(AH13),AK13) -> 129.58207 | BC13: =BA13*BF13 -> 12.868191 | BD13: =BB13*BF13 -> 18.199729 | BF13: =1/7.12 -> 0.14044944
A14: 675.75 | B14: 733 | C14: 6.9325 | D14: 500.75 | E14: 1293 | F14: 356.9 | G14: 68.28 | H14: 4610 | I14: 9593 | J14: 3369 | K14: 8934 | L14: 2332 | M14: 10217 | N14: 554 | P14: 2.14 | Q14: 4.5068 | R14: 1350.25 | S14: 88.42 | T14: 95.09 | U14: 3.0472 | AE14: /CRSMF6 | AF14: 1.4333333 | AG14: 21.440787 | AH14: -48.445396 | AI14: -33.833623 | AJ14: 36.700289 | AK14: 51.312062 | AM14: /CRSMF6 | AN14: 0.00066726029 | AO14: 0.0091988433 | AP14: -0.020732449 | AQ14: -0.01446349 | AR14: 0.015798011 | AS14: 0.02206697 | AU14: cny/MT | AV14: ZZ RSM | AW14: =AN14 -> 0.00066726029 | AX14: =AO14 -> 0.0091988433 | AY14: =AVERAGE(ABS(AQ14),AR14) -> 0.015130751 | AZ14: =AVERAGE(ABS(AP14),AS14) -> 0.02139971 | BA14: =AVERAGE(ABS(AI14),AJ14) -> 35.266956 | BB14: =AVERAGE(ABS(AH14),AK14) -> 49.878729 | BC14: =BA14*BF14 -> 4.9532242 | BD14: =BB14*BF14 -> 7.0054395 | BF14: =1/7.12 -> 0.14044944
A15: 692.75 | B15: 743 | C15: 6.9925 | D15: 522 | E15: 1297.75 | F15: 359 | G15: 68.36 | H15: 4624 | I15: 9571 | J15: 3347 | K15: 8855 | L15: 2298 | M15: 10044 | N15: 557.75 | O15: 837.1 | P15: 2.145 | Q15: 4.3323 | R15: 1297.25 | S15: 87.25 | T15: 93.51 | U15: 2.9459 | AE15: /COIF6 | AF15: 8.9333333 | AG15: 78.140869 | AH15: -172.84951 | AI15: -119.59696 | AJ15: 137.46363 | AK15: 190.71618 | AM15: /COIF6 | AN15: 0.00091709066 | AO15: 0.0076943752 | AP15: -0.016982703 | AQ15: -0.01173903 | AR15: 0.013573212 | AS15: 0.018816884 | AU15: cny/MT | AV15: ZZ RSO | AW15: =AN15 -> 0.00091709066 | AX15: =AO15 -> 0.0076943752 | AY15: =AVERAGE(ABS(AQ15),AR15) -> 0.012656121 | AZ15: =AVERAGE(ABS(AP15),AS15) -> 0.017899793 | BA15: =AVERAGE(ABS(AI15),AJ15) -> 128.53029 | BB15: =AVERAGE(ABS(AH15),AK15) -> 181.78285 | BC15: =BA15*BF15 -> 18.052007 | BD15: =BB15*BF15 -> 25.531299 | BF15: =1/7.12 -> 0.14044944
A16: 688.75 | B16: 745.75 | C16: 7.0175 | D16: 523 | E16: 1288.25 | F16: 359.4 | G16: 67.66 | H16: 4664 | I16: 9675 | J16: 3386 | K16: 8883 | L16: 2337 | M16: 10134 | N16: 548.25 | O16: 821.8 | P16: 2.185 | Q16: 4.3681 | R16: 1336.75 | S16: 89.01 | T16: 94.4 | U16: 2.968 | AE16: /COMG6 | AF16: 0.033333333 | AG16: 5.878081 | AH16: -13.641128 | AI16: -9.6352495 | AJ16: 9.7019162 | AK16: 13.707795 | AM16: /COMG6 | AN16: 0.00011870527 | AO16: 0.010862368 | AP16: -0.025150941 | AQ16: -0.0177483 | AR16: 0.017985711 | AS16: 0.025388352 | AU16: eur/MT | AV16: Matif RS | AW16: =AN16 -> 0.00011870527 | AX16: =AO16 -> 0.010862368 | AY16: =AVERAGE(ABS(AQ16),AR16) -> 0.017867005 | AZ16: =AVERAGE(ABS(AP16),AS16) -> 0.025269647 | BA16: =AVERAGE(ABS(AI16),AJ16) -> 9.6685828 | BB16: =AVERAGE(ABS(AH16),AK16) -> 13.674461 | BC16: =BA16*BF16 -> 11.176882 | BD16: =BB16*BF16 -> 15.807677 | BF16: 1.156
A17: 703.25 | B17: 762 | C17: 7.135 | D17: 528.25 | E17: 1319 | F17: 371 | G17: 67.84 | H17: 4672 | N17: 557.5 | O17: 841.4 | P17: 2.21 | Q17: 4.3746 | R17: 1346.25 | S17: 88.71 | T17: 94.11 | U17: 2.9827 | AE17: /RSF6 | AF17: 0.40333333 | AG17: 13.310846 | AH17: -30.562326 | AI17: -21.491061 | AJ17: 22.297727 | AK17: 31.368993 | AM17: /RSF6 | AN17: 0.00063757119 | AO17: 0.016239283 | AP17: -0.037140649 | AQ17: -0.026073672 | AR17: 0.027348814 | AS17: 0.038415792 | AU17: cad/MT | AV17: ICE RS | AW17: =AN17 -> 0.00063757119 | AX17: =AO17 -> 0.016239283 | AY17: =AVERAGE(ABS(AQ17),AR17) -> 0.026711243 | AZ17: =AVERAGE(ABS(AP17),AS17) -> 0.03777822 | BA17: =AVERAGE(ABS(AI17),AJ17) -> 21.894394 | BB17: =AVERAGE(ABS(AH17),AK17) -> 30.965659 | BC17: =BA17*BF17 -> 15.624345 | BD17: =BB17*BF17 -> 22.097809 | BF17: =1/1.4013 -> 0.71362306
A18: 707 | B18: 767 | C18: 7.2025 | D18: 527.5 | E18: 1317.5 | F18: 372.4 | G18: 67.55 | H18: 4772 | I18: 9787 | J18: 3405 | K18: 8943 | L18: 2347 | M18: 10236 | N18: 557.75 | O18: 841.2 | P18: 2.18 | Q18: 4.4197 | R18: 1385.5 | S18: 90.9 | T18: 96.42 | U18: 3.095 | AE18: /CUUZ25 | AF18: 0.0035416667 | AG18: 0.023162523 | AH18: -0.050342419 | AI18: -0.034557293 | AJ18: 0.041640627 | AK18: 0.057425753 | AM18: /CUUZ25 | AN18: 0.0018240936 | AO18: 0.011249487 | AP18: -0.024346126 | AQ18: -0.016679666 | AR18: 0.020327853 | AS18: 0.027994313 | AU18: $/gal | AV18: Ethanol | AW18: =AN18 -> 0.0018240936 | AX18: =AO18 -> 0.011249487 | AY18: =AVERAGE(ABS(AQ18),AR18) -> 0.018503759 | AZ18: =AVERAGE(ABS(AP18),AS18) -> 0.02617022 | BA18: =AVERAGE(ABS(AI18),AJ18) -> 0.03809896 | BB18: =AVERAGE(ABS(AH18),AK18) -> 0.053884086 | BC18: =BA18*BF18 -> 12.755532 | BD18: =BB18*BF18 -> 18.040392 | BF18: 334.8
A19: 708.5 | B19: 771.75 | C19: 7.2875 | D19: 529 | E19: 1318 | F19: 370.6 | G19: 67.81 | H19: 4768 | I19: 9740 | J19: 3414 | K19: 8927 | L19: 2361 | M19: 10145 | N19: 561.75 | O19: 837.2 | P19: 2.175 | Q19: 4.5171 | R19: 1344 | S19: 89.51 | T19: 95.03 | U19: 3.0751 | AE19: /HOZ25 | AF19: 0.017825 | AG19: 0.099775564 | AH19: -0.21428767 | AI19: -0.1462912 | AJ19: 0.1819412 | AK19: 0.24993767 | AM19: /HOZ25 | AN19: 0.0046007422 | AO19: 0.024186073 | AP19: -0.051664477 | AQ19: -0.035181808 | AR19: 0.044383292 | AS19: 0.060865962 | AU19: $/gal | AV19: Heating Oil | AW19: =AN19 -> 0.0046007422 | AX19: =AO19 -> 0.024186073 | AY19: =AVERAGE(ABS(AQ19),AR19) -> 0.03978255 | AZ19: =AVERAGE(ABS(AP19),AS19) -> 0.05626522 | BA19: =AVERAGE(ABS(AI19),AJ19) -> 0.1641162 | BB19: =AVERAGE(ABS(AH19),AK19) -> 0.23211267 | BC19: =BA19*BF19 -> 51.023726 | BD19: =BB19*BF19 -> 72.16383 | BF19: 310.9
A20: 717.25 | B20: 781.25 | C20: 7.3625 | D20: 536.75 | E20: 1325.5 | F20: 370.7 | G20: 67.92 | H20: 4810 | I20: 9859 | J20: 3410 | K20: 8946 | L20: 2362 | M20: 10243 | N20: 560 | O20: 836.1 | P20: 2.185 | Q20: 4.5489 | R20: 1311 | S20: 87.98 | T20: 92.74 | U20: 2.9699 | AE20: /LGOZ5 | AF20: 6.1 | AG20: 32.396157 | AH20: -69.264732 | AI20: -47.186937 | AJ20: 59.386937 | AK20: 81.464732 | AM20: /LGOZ5 | AN20: 0.0055420811 | AO20: 0.02663124 | AP20: -0.056411447 | AQ20: -0.03826241 | AR20: 0.049346573 | AS20: 0.06749561 | AU20: $/MT | AV20: ICE GO | AW20: =AN20 -> 0.0055420811 | AX20: =AO20 -> 0.02663124 | AY20: =AVERAGE(ABS(AQ20),AR20) -> 0.043804492 | AZ20: =AVERAGE(ABS(AP20),AS20) -> 0.061953528 | BA20: =AVERAGE(ABS(AI20),AJ20) -> 53.286937 | BB20: =AVERAGE(ABS(AH20),AK20) -> 75.364732 | BC20: =BA20*BF20 -> 53.286937 | BD20: =BB20*BF20 -> 75.364732 | BF20: 1
A21: 726.75 | B21: 794.5 | C21: 7.4625 | D21: 543 | E21: 1328 | F21: 368.4 | G21: 68.85 | H21: 4857 | I21: 9876 | J21: 3391 | K21: 8897 | L21: 2347 | M21: 10186 | N21: 563.25 | O21: 846.8 | P21: 2.19 | Q21: 4.4851 | R21: 1305.75 | S21: 89.16 | T21: 93.4 | U21: 2.9445 | AE21: /CLF26 | AF21: 0.31166667 | AG21: 1.8494857 | AH21: -3.9908803 | AI21: -2.7304665 | AJ21: 3.3537998 | AK21: 4.6142137 | AM21: /CLF26 | AN21: 0.003761533 | AO21: 0.022116392 | AP21: -0.047688889 | AQ21: -0.032616695 | AR21: 0.040139761 | AS21: 0.055211955 | AU21: $/bl | AV21: Light Crude | AW21: =AN21 -> 0.003761533 | AX21: =AO21 -> 0.022116392 | AY21: =AVERAGE(ABS(AQ21),AR21) -> 0.036378228 | AZ21: =AVERAGE(ABS(AP21),AS21) -> 0.051450422 | BA21: =AVERAGE(ABS(AI21),AJ21) -> 3.0421332 | BB21: =AVERAGE(ABS(AH21),AK21) -> 4.302547 | BC21: =BA21*BF21 -> 22.755156 | BD21: =BB21*BF21 -> 32.183052 | BF21: 7.48
A22: 714.25 | B22: 783.75 | C22: 7.4125 | D22: 527.5 | E22: 1303.5 | F22: 358.6 | G22: 68.22 | H22: 4898 | I22: 9907 | J22: 3429 | K22: 8905 | L22: 2389 | M22: 10113 | N22: 557.25 | O22: 833 | P22: 2.16 | Q22: 4.5875 | R22: 1351.75 | S22: 92.05 | T22: 96.03 | U22: 3.0015 | AE22: /LCOJ6 | AF22: 0.38466667 | AG22: 1.8741013 | AH22: -3.975145 | AI22: -2.6979557 | AJ22: 3.467289 | AK22: 4.7444783 | AM22: /LCOJ6 | AN22: 0.004287495 | AO22: 0.021319156 | AP22: -0.045308279 | AQ22: -0.030779396 | AR22: 0.039354386 | AS22: 0.053883269 | AU22: $/bl | AV22: Brent Crude | AW22: =AN22 -> 0.004287495 | AX22: =AO22 -> 0.021319156 | AY22: =AVERAGE(ABS(AQ22),AR22) -> 0.035066891 | AZ22: =AVERAGE(ABS(AP22),AS22) -> 0.049595774 | BA22: =AVERAGE(ABS(AI22),AJ22) -> 3.0826224 | BB22: =AVERAGE(ABS(AH22),AK22) -> 4.3598117 | BC22: =BA22*BF22 -> 23.058015 | BD22: =BB22*BF22 -> 32.611391 | BF22: 7.48
A23: 727 | B23: 794.5 | C23: 7.525 | D23: 530.5 | E23: 1319.75 | F23: 371.3 | G23: 69.15 | H23: 4936 | I23: 10070 | J23: 3480 | K23: 9017 | L23: 2421 | M23: 10211 | N23: 556 | O23: 844.1 | P23: 2.135 | Q23: 4.6262 | R23: 1338.25 | S23: 92.61 | T23: 96.15 | U23: 2.9994 | AE23: /RBG26 | AF23: 0.0075733333 | AG23: 0.057207413 | AH23: -0.12551101 | AI23: -0.086524487 | AJ23: 0.10167115 | AK23: 0.14065768 | AM23: /RBG26 | AN23: 0.0028360479 | AO23: 0.020465027 | AP23: -0.044772725 | AQ23: -0.030825927 | AR23: 0.036498022 | AS23: 0.050444821 | AU23: $/bl | AV23: RBOB | AW23: =AN23 -> 0.0028360479 | AX23: =AO23 -> 0.020465027 | AY23: =AVERAGE(ABS(AQ23),AR23) -> 0.033661974 | AZ23: =AVERAGE(ABS(AP23),AS23) -> 0.047608773 | BA23: =AVERAGE(ABS(AI23),AJ23) -> 0.094097821 | BB23: =AVERAGE(ABS(AH23),AK23) -> 0.13308434 | BC23: =BA23*BF23 -> 32.934237 | BD23: =BB23*BF23 -> 46.57952 | BF23: 350
A24: 730.75 | B24: 799.5 | C24: 7.56 | D24: 534.25 | E24: 1320.5 | F24: 365.6 | G24: 69.67 | I24: 10066 | J24: 3434 | K24: 9000 | L24: 2372 | M24: 10169 | N24: 556.75 | O24: 837.8 | P24: 2.105 | Q24: 4.7155 | R24: 1364 | S24: 92.79 | T24: 96.69 | U24: 2.9871
A25: 728.5 | B25: 796.25 | C25: 7.485 | D25: 535.75 | E25: 1318.75 | F25: 365.4 | G25: 70.35 | H25: 4998 | I25: 10031 | J25: 3374 | K25: 8960 | L25: 2330 | M25: 10101 | N25: 558.5 | O25: 840.9 | P25: 2.105 | Q25: 4.7352 | R25: 1391.75 | S25: 95.51 | T25: 98.75 | U25: 3.0293
A26: 722 | B26: 792.5 | C26: 7.3625 | D26: 533.25 | E26: 1304.25 | F26: 356.2 | G26: 70.19 | H26: 4958 | I26: 10038 | J26: 3384 | K26: 9024 | L26: 2349 | M26: 10192 | N26: 555.5 | O26: 834.3 | P26: 2.07 | Q26: 4.54 | R26: 1320.25 | S26: 92.6 | T26: 96.85 | U26: 2.9522
A27: 725.25 | B27: 798.5 | C27: 7.45 | D27: 530.25 | E27: 1296.5 | F27: 352.8 | G27: 69.68 | H27: 4944 | I27: 10151 | J27: 3422 | K27: 9103 | L27: 2369 | M27: 10226 | N27: 553 | O27: 827.1 | P27: 2.065 | Q27: 4.5584 | R27: 1320.5 | S27: 91.43 | T27: 95.69 | U27: 2.939
A28: 741.25 | B28: 818.75 | C28: 7.625 | D28: 533.75 | E28: 1332.25 | F28: 356.9 | G28: 71.92 | H28: 5033 | I28: 10177 | J28: 3399 | K28: 9054 | L28: 2358 | M28: 10248 | N28: 559.25 | O28: 849.4 | P28: 2.06 | Q28: 4.6271 | R28: 1323.25 | S28: 93.93 | T28: 98.36 | U28: 3.024
A29: 728.75 | B29: 806.25 | C29: 7.48 | D29: 527.75 | E29: 1309.5 | F29: 351.4 | G29: 70.57 | H29: 5109 | I29: 10306 | J29: 3397 | K29: 9122 | L29: 2376 | M29: 10392 | N29: 559 | O29: 841.2 | P29: 2.03 | Q29: 4.4346 | R29: 1257.75 | S29: 89.32 | T29: 93.6 | U29: 2.8969
A30: 747 | B30: 819 | C30: 7.54 | D30: 533.5 | E30: 1316.25 | F30: 349.8 | G30: 70.7 | H30: 5115 | I30: 10421 | J30: 3415 | K30: 9210 | L30: 2398 | M30: 10377 | N30: 558.75 | O30: 848.3 | P30: 2.055 | Q30: 4.2527 | R30: 1225 | S30: 87.14 | T30: 91.3 | U30: 2.8931
H31: 5110 | I31: 10264 | J31: 3404 | K31: 9142 | L31: 2400 | M31: 10238 | N31: 556.5 | R31: 1237.25 | T31: 89.94
A32: 734 | B32: 802.25 | C32: 7.45 | D32: 536.75 | E32: 1309.75 | F32: 355.1 | G32: 69.27 | H32: 5054 | I32: 10212 | J32: 3402 | K32: 9144 | L32: 2397 | M32: 10152 | N32: 553.5 | O32: 832.7 | P32: 2.08 | Q32: 4.2091 | R32: 1200 | S32: 85.46 | T32: 89.15 | U32: 2.8345
A33: 754.25 | B33: 815.5 | C33: 7.655 | D33: 540.75 | E33: 1316.25 | F33: 355.5 | G33: 70.04 | H33: 5018 | I33: 10270 | J33: 3386 | K33: 9182 | L33: 2393 | M33: 10226 | N33: 553 | O33: 839.5 | P33: 2.095 | Q33: 4.2399 | R33: 1218.5 | S33: 84.79 | T33: 88.32 | U33: 2.7993
A34: 774 | B34: 834.25 | C34: 7.82 | D34: 543.5 | E34: 1310.25 | F34: 349.6 | G34: 70.96 | H34: 5065 | I34: 10262 | J34: 3376 | K34: 9135 | L34: 2379 | M34: 10279 | N34: 554.5 | O34: 835.9 | P34: 2.085 | Q34: 4.2959 | R34: 1221.25 | S34: 85.25 | T34: 88.98 | U34: 2.7899
A35: 782.5 | B35: 845.25 | C35: 7.7675 | D35: 546 | E35: 1317.75 | F35: 352.6 | G35: 72.63 | H35: 5072 | I35: 10293 | J35: 3357 | K35: 9072 | L35: 2362 | M35: 10234 | N35: 558.5 | O35: 852.3 | P35: 2.075 | Q35: 4.3085 | R35: 1207.75 | S35: 84.97 | T35: 88.67 | U35: 2.8125
A36: 774 | B36: 838 | C36: 7.63 | D36: 537.75 | E36: 1288 | F36: 345.3 | G36: 71.12 | I36: 10241 | J36: 3353 | K36: 9013 | L36: 2367 | M36: 10240 | N36: 546.5 | O36: 823.3 | P36: 2.045 | Q36: 4.0753 | R36: 1157.25 | S36: 82.07 | T36: 86.15 | U36: 2.7321
A37: 784 | B37: 844.25 | C37: 7.6925 | D37: 536.5 | E37: 1288 | F37: 348.9 | G37: 71.06 | H37: 4988 | I37: 10089 | J37: 3344 | K37: 8908 | L37: 2372 | M37: 10167 | N37: 548.25 | O37: 833.2 | P37: 2.0375 | Q37: 3.9421 | R37: 1117.25 | S37: 80 | T37: 84.16 | U37: 2.6839
A38: 760.75 | B38: 822 | C38: 7.5775 | D38: 533.5 | E38: 1268 | F38: 340.9 | G38: 68.51 | H38: 4907 | I38: 10060 | J38: 3324 | K38: 8818 | L38: 2357 | M38: 10134 | N38: 542.5 | O38: 813.6 | P38: 2.0075 | Q38: 3.8963 | R38: 1090.5 | S38: 80.11 | T38: 84.23 | U38: 2.6473
A39: 748.25 | B39: 808.75 | C39: 7.48 | D39: 536.5 | E39: 1266 | F39: 339.3 | G39: 67.74 | H39: 4931 | I39: 10039 | J39: 3266 | K39: 8760 | L39: 2306 | M39: 10105 | N39: 541.5 | O39: 808.3 | P39: 2.0525 | Q39: 3.8576 | R39: 1105.25 | S39: 79.27 | T39: 83.38 | U39: 2.6099
A40: 703.25 | B40: 770.75 | C40: 7.2 | D40: 523.5 | E40: 1237.75 | F40: 329.2 | G40: 67.78 | I40: 10064 | J40: 3228 | K40: 8748 | L40: 2267 | M40: 10112 | N40: 536 | O40: 799.6 | P40: 2.05 | Q40: 3.8728 | R40: 1110.5 | S40: 79.15 | T40: 83.45 | U40: 2.6012
A41: 699.5 | B41: 767.25 | C41: 7.2125 | D41: 515.5 | E41: 1224.25 | F41: 328.6 | G41: 67.31 | H41: 5013 | I41: 10178 | J41: 3240 | K41: 8811 | L41: 2275 | M41: 10248 | N41: 524.75 | O41: 779.4 | P41: 2.105 | Q41: 3.9138 | R41: 1127.25 | S41: 81.34 | T41: 85.96 | U41: 2.6465
A42: 699.25 | B42: 772.5 | C42: 7.245 | D42: 508.5 | E42: 1239.5 | F42: 325.8 | G42: 69.58 | H42: 5077 | I42: 10146 | J42: 3244 | K42: 8836 | L42: 2281 | M42: 10338 | N42: 541.25 | O42: 808.4 | P42: 2.105 | Q42: 4.0847 | R42: 1165.25 | S42: 83.02 | T42: 87.67 | U42: 2.7201
A43: 700 | B43: 776.5 | C43: 7.2775 | D43: 503.5 | E43: 1236.5 | F43: 323.8 | G43: 71.32 | H43: 5025 | I43: 10082 | J43: 3264 | K43: 8809 | L43: 2304 | M43: 10400 | N43: 547.25 | O43: 828.9 | P43: 2.0625 | Q43: 4.0875 | R43: 1151 | S43: 82.67 | T43: 87 | U43: 2.7173
A44: 697.5 | B44: 776.75 | C44: 7.2025 | D44: 498 | E44: 1237.25 | F44: 325.6 | G44: 69.96 | H44: 4972 | I44: 9970 | J44: 3246 | K44: 8722 | L44: 2292 | M44: 10219 | N44: 553 | O44: 827.9 | P44: 2.025 | Q44: 4.0114 | R44: 1136.25 | S44: 81.07 | T44: 85.36 | U44: 2.6799
A45: 681.25 | B45: 758.5 | C45: 7.0375 | D45: 488 | E45: 1216.75 | F45: 318.8 | G45: 69.63 | H45: 4943 | I45: 9896 | J45: 3218 | K45: 8644 | L45: 2270 | M45: 10198 | N45: 547.5 | O45: 814.9 | P45: 2.0225 | Q45: 4.0084 | R45: 1128 | S45: 81.2 | T45: 85.59 | U45: 2.689
A46: 689.25 | B46: 771.75 | C46: 7.03 | D46: 489.5 | E46: 1216 | F46: 318.7 | G46: 70.82 | H46: 4903 | I46: 9808 | J46: 3174 | K46: 8547 | L46: 2246 | M46: 10146 | N46: 550.5 | O46: 836.3 | P46: 2.0125 | Q46: 3.9882 | R46: 1105.25 | S46: 80.83 | T46: 85.03 | U46: 2.6642
A47: 689.5 | B47: 767.75 | C47: 7.0425 | D47: 483.25 | E47: 1192.5 | F47: 316.3 | G47: 68.97 | H47: 4879 | I47: 9767 | J47: 3154 | K47: 8500 | L47: 2238 | M47: 10087 | N47: 547.5 | O47: 826.4 | P47: 1.995 | Q47: 3.8681 | R47: 1079 | S47: 78.49 | T47: 82.64 | U47: 2.6105
A48: 668.25 | B48: 734.75 | C48: 6.9375 | D48: 472 | E48: 1182.25 | F48: 314 | G48: 68.38 | H48: 4862 | I48: 9699 | J48: 3154 | K48: 8453 | L48: 2233 | M48: 9969 | N48: 542.25 | O48: 811.1 | P48: 1.955 | Q48: 3.841 | R48: 1086.75 | S48: 77.6 | T48: 81.79 | U48: 2.5807
A49: 669.75 | B49: 737.75 | C49: 6.98 | D49: 480.75 | E49: 1183.25 | F49: 315.1 | G49: 68.76 | H49: 4828 | I49: 9696 | J49: 3131 | K49: 8443 | L49: 2227 | M49: 9935 | N49: 538.25 | O49: 803.6 | P49: 1.9625 | Q49: 3.8706 | R49: 1079.5 | S49: 78.79 | T49: 82.91 | U49: 2.6077
A50: 648.25 | B50: 716 | C50: 6.845 | D50: 460.5 | E50: 1168.75 | F50: 310.9 | G50: 68.12 | H50: 4868 | I50: 9743 | J50: 3139 | K50: 8460 | L50: 2234 | M50: 9961 | N50: 536.25 | O50: 791.2 | P50: 1.9275 | Q50: 3.8114 | R50: 1055.25 | S50: 78.58 | T50: 82.73 | U50: 2.6052
A51: 659.25 | B51: 731.25 | C51: 6.95 | D51: 461.75 | E51: 1179.5 | F51: 311.6 | G51: 69.14 | H51: 4836 | I51: 9700 | J51: 3146 | K51: 8456 | L51: 2242 | M51: 9934 | N51: 540.25 | O51: 804.8 | P51: 1.9425 | Q51: 3.7948 | R51: 1055.25 | S51: 78.49 | T51: 82.57 | U51: 2.5985
A52: 658.25 | B52: 730.5 | C52: 7.0225 | D52: 462 | E52: 1176.25 | F52: 313.4 | G52: 67.88 | H52: 4785 | I52: 9662 | J52: 3144 | K52: 8434 | L52: 2235 | M52: 9909 | N52: 535 | O52: 788.8 | P52: 1.94 | Q52: 3.5827 | R52: 1003.75 | S52: 74.64 | T52: 78.68 | U52: 2.49
... A55: 657.25 | B55: 724.5 | C55: 7.0925 | D55: 465.5 | E55: 1177.75 | F55: 318.4 | G55: 67.52 | H55: 4764 | I55: 9581 | J55: 3131 | K55: 8430 | L55: 2242 | M55: 9825 | N55: 520 | O55: 770.7 | P55: 1.915 | Q55: 3.4308 | R55: 959.75 | S55: 72.03 | T55: 75.97 | U55: 2.3826
A56: 669.25 | B56: 734 | C56: 7.2 | D56: 472.5 | E56: 1192.25 | F56: 321.6 | G56: 68.14 | H56: 4697 | I56: 9561 | J56: 3126 | K56: 8398 | L56: 2242 | M56: 9759 | N56: 523.5 | P56: 1.9325 | Q56: 3.5009 | R56: 989.5 | S56: 73.94 | T56: 77.99 | U56: 2.4605
A57: 657.5 | B57: 723.75 | C57: 7.145 | D57: 464 | E57: 1187.5 | F57: 321.2 | G57: 66.9 | H57: 4704 | I57: 9608 | J57: 3135 | K57: 8412 | L57: 2244 | M57: 9761 | N57: 512.5 | O57: 767.5 | P57: 1.9125 | Q57: 3.63 | R57: 1029.25 | S57: 76.44 | T57: 80.59 | U57: 2.5502
A58: 681.5 | B58: 746.75 | C58: 7.355 | D58: 468.5 | E58: 1188.75 | F58: 322.8 | G58: 67.29 | H58: 4743 | I58: 9628 | J58: 3141 | K58: 8424 | L58: 2256 | M58: 9784 | N58: 527.25 | O58: 777.6 | P58: 1.92 | Q58: 3.6085 | R58: 1009.75 | S58: 76.12 | T58: 80.21 | U58: 2.544
A59: 677.75 | B59: 740.75 | C59: 7.2825 | D59: 471.75 | E59: 1192.75 | F59: 323.5 | G59: 67.62 | H59: 4724 | I59: 9637 | J59: 3171 | K59: 8454 | L59: 2298 | M59: 9814 | N59: 530.75 | O59: 780.9 | P59: 1.9275 | Q59: 3.6737 | R59: 1018.5 | S59: 77.74 | T59: 81.96 | U59: 2.6069
A60: 679.75 | B60: 742 | C60: 7.2525 | D60: 480.5 | E60: 1220 | F60: 327.8 | G60: 68.93 | H60: 4705 | I60: 9612 | J60: 3177 | K60: 8455 | L60: 2305 | M60: 9844 | N60: 530.75 | O60: 792.2 | P60: 1.93 | Q60: 3.5015 | R60: 967.5 | S60: 73.85 | T60: 77.68 | U60: 2.5087
A61: 677.5 | B61: 745.5 | C61: 7.285 | D61: 474 | E61: 1213.75 | F61: 324.1 | G61: 69.58 | H61: 4732 | I61: 9711 | J61: 3230 | K61: 8543 | L61: 2349 | M61: 10002 | N61: 536.5 | O61: 799.7 | P61: 1.9125 | Q61: 3.5548 | R61: 991.25 | S61: 76.53 | T61: 80.71 | U61: 2.5621
A62: 695.5 | B62: 761.5 | C62: 7.3775 | D62: 487.5 | E62: 1253.5 | F62: 335.2 | G62: 72.01 | H62: 4779 | I62: 9817 | J62: 3246 | K62: 8610 | L62: 2356 | M62: 10132 | N62: 550 | O62: 833.6 | P62: 1.93 | Q62: 3.639 | R62: 1003.5 | S62: 79.33 | T62: 83.74 | U62: 2.6393
A63: 713.75 | B63: 775.75 | C63: 7.53 | D63: 487.5 | E63: 1243.75 | F63: 331.9 | G63: 72.98 | H63: 4768 | I63: 9714 | J63: 3237 | K63: 8526 | L63: 2325 | M63: 10009 | N63: 561.75 | O63: 845.6 | P63: 1.9225 | Q63: 3.7241 | R63: 1044.25 | S63: 80.1 | T63: 84.84 | U63: 2.6842
A64: 722.75 | B64: 779 | C64: 7.525 | D64: 484.75 | E64: 1239 | F64: 332.9 | G64: 72.82 | H64: 4683 | I64: 9546 | J64: 3198 | K64: 8488 | L64: 2298 | M64: 9887 | N64: 555 | O64: 832.5 | P64: 1.9125 | Q64: 3.6101 | R64: 1002.75 | S64: 78.64 | T64: 83.12 | U64: 2.6313
A65: 696 | B65: 749.5 | C65: 7.2825 | D65: 475.25 | E65: 1222.75 | F65: 327.3 | G65: 71.63 | H65: 4679 | I65: 9573 | J65: 3195 | K65: 8560 | L65: 2284 | M65: 9951 | N65: 552.5 | O65: 812.9 | P65: 1.9025 | Q65: 3.573 | R65: 990.5 | S65: 78.24 | T65: 82.51 | U65: 2.6149
A66: 691.5 | B66: 739 | C66: 7.1725 | D66: 473 | E66: 1226.25 | F66: 323.8 | G66: 72.13 | H66: 4705 | I66: 9623 | J66: 3157 | K66: 8581 | L66: 2260 | M66: 9936 | N66: 556.25 | O66: 819.8 | P66: 1.9075 | Q66: 3.5451 | R66: 976 | S66: 77.83 | T66: 82.12 | U66: 2.595
A67: 699.75 | B67: 746.75 | C67: 7.1675 | D67: 467.5 | E67: 1203 | F67: 318.5 | G67: 72.43 | H67: 4663 | I67: 9535 | J67: 3135 | K67: 8543 | L67: 2246 | M67: 9890 | N67: 548 | O67: 803.8 | P67: 1.89 | Q67: 3.5142 | R67: 968 | S67: 77.65 | T67: 82.02 | U67: 2.5861
A68: 691 | B68: 731.25 | C68: 7.085 | D68: 464 | E68: 1195 | F68: 322.4 | G68: 70.57 | H68: 4668 | I68: 9552 | J68: 3139 | K68: 8575 | L68: 2257 | M68: 9897 | N68: 544 | O68: 792.2 | P68: 1.8825 | Q68: 3.4829 | R68: 957 | S68: 75.43 | T68: 79.91 | U68: 2.5197
... A76: 628.5 | B76: 664.25 | C76: 6.51 | D76: 457.75 | E76: 1192.25 | F76: 313.5 | G76: 66.63 | H76: 4616 | I76: 9486 | J76: 3064 | K76: 8445 | L76: 2230 | M76: 9611 | N76: 521.25 | O76: 766.1 | P76: 1.8875 | Q76: 3.0368 | R76: 823.25 | S76: 68.43 | T76: 72.45 | U76: 2.3022
H77: 4559 | I77: 9430 | J77: 3033 | K77: 8390 | L77: 2217 | M77: 9523 | N77: 515.25 | O77: 747.8 | R77: 806.75 | T77: 72.25
A78: 614 | B78: 652.25 | C78: 6.4 | D78: 441.5 | E78: 1147.75 | F78: 304.4 | G78: 65.43 | H78: 4586 | I78: 9496 | J78: 3037 | K78: 8404 | L78: 2222 | M78: 9539 | N78: 514.5 | O78: 745.4 | P78: 1.855 | Q78: 2.9463 | R78: 793.5 | S78: 68.34 | T78: 72.3 | U78: 2.2624
A79: 614.5 | B79: 649 | C79: 6.4175 | D79: 442.25 | E79: 1149.25 | F79: 304.7 | G79: 65.42 | H79: 4632 | I79: 9506 | J79: 3011 | K79: 8367 | L79: 2209 | M79: 9531 | N79: 516.75 | P79: 1.8375 | Q79: 2.959 | R79: 802 | S79: 68.13 | T79: 72.07 | U79: 2.2692
A80: 604.5 | B80: 640.25 | C80: 6.315 | D80: 436 | E80: 1143.75 | F80: 303.1 | G80: 65.35 | H80: 4615 | I80: 9570 | J80: 3008 | K80: 8408 | L80: 2218 | M80: 9647 | N80: 512.75 | O80: 743.9 | P80: 1.83 | Q80: 2.9624 | R80: 804.75 | S80: 68.35 | T80: 72.48 | U80: 2.2495
A81: 597 | B81: 629.5 | C81: 6.255 | D81: 430 | E81: 1139 | F81: 302.8 | G81: 66.65 | H81: 4653 | I81: 9565 | J81: 3021 | K81: 8418 | L81: 2240 | M81: 9654 | N81: 519.25 | O81: 752.7 | P81: 1.8275 | Q81: 2.9248 | R81: 794.75 | S81: 69.13 | T81: 72.97 | U81: 2.2617
A82: 607.25 | B82: 634.5 | C82: 6.3025 | D82: 441.5 | E82: 1156.25 | F82: 304.5 | G82: 67.09 | H82: 4631 | I82: 9519 | J82: 3019 | K82: 8368 | L82: 2232 | M82: 9563 | N82: 517.75 | O82: 753.4 | P82: 1.8425 | Q82: 2.8619 | R82: 775 | S82: 67.9 | T82: 71.85 | U82: 2.2186
A83: 618.25 | B83: 645.75 | C83: 6.3925 | D83: 443 | E83: 1157 | F83: 305 | G83: 67.19 | H83: 4623 | I83: 9421 | J83: 3001 | K83: 8302 | L83: 2222 | M83: 9529 | N83: 523 | O83: 756.7 | P83: 1.8225 | Q83: 2.9461 | R83: 797.75 | S83: 69.99 | T83: 74.06 | U83: 2.2757
A84: 612.75 | B84: 640.75 | C84: 6.405 | D84: 434.75 | E84: 1135 | F84: 300.1 | G84: 65.74 | H84: 4709 | I84: 9599 | J84: 3005 | K84: 8333 | L84: 2242 | M84: 9674 | N84: 520.5 | O84: 753.6 | P84: 1.785 | Q84: 2.8942 | R84: 785.5 | S84: 68.51 | T84: 72.72 | U84: 2.2352
A85: 613.75 | B85: 639.5 | C85: 6.4125 | D85: 437.25 | E85: 1141.75 | F85: 301.3 | G85: 66.58 | H85: 4733 | I85: 9644 | J85: 2992 | K85: 8315 | L85: 2221 | M85: 9642 | N85: 521.5 | O85: 757.2 | P85: 1.775 | Q85: 2.9384 | R85: 801.5 | S85: 70.73 | T85: 75.02 | U85: 2.29
A86: 624 | B86: 654.25 | C86: 6.615 | D86: 439.5 | E86: 1141.5 | F86: 303.4 | G86: 66.9 | H86: 4754 | I86: 9634 | J86: 2997 | K86: 8331 | L86: 2219 | M86: 9656 | N86: 516.75 | O86: 751.7 | P86: 1.7825 | Q86: 2.9147 | R86: 801.25 | S86: 70.99 | T86: 75.36 | U86: 2.2973
H87: 4710 | N87: 510.25 | O87: 741.2 | R87: 820.5 | T87: 77.14
A88: 630.25 | B88: 665.75 | C88: 6.705 | D88: 444 | E88: 1142.75 | F88: 303.3 | G88: 65.8 | H88: 4658 | I88: 9585 | J88: 3011 | K88: 8325 | L88: 2225 | M88: 9696 | N88: 509 | O88: 742.2 | P88: 1.8125 | Q88: 2.9483 | R88: 792.5 | S88: 72.49 | T88: 76.81 | U88: 2.329
A89: 636.75 | B89: 673.75 | C89: 6.7025 | D89: 448.75 | E89: 1149.25 | F89: 306.1 | G89: 67.17 | I89: 9616 | J89: 3020 | K89: 8346 | L89: 2229 | M89: 9772 | N89: 516 | O89: 755.1 | P89: 1.7875 | Q89: 2.9929 | R89: 825.5 | S89: 72.57 | T89: 76.72 | U89: 2.3242
A90: 621.75 | B90: 656.25 | C90: 6.575 | D90: 442.5 | E90: 1146.5 | F90: 307.2 | G90: 68.04 | H90: 4660 | I90: 9519 | J90: 2997 | K90: 8279 | L90: 2214 | M90: 9770 | N90: 515 | O90: 762.4 | P90: 1.785 | Q90: 2.9993 | R90: 826 | S90: 72.5 | T90: 76.66 | U90: 2.335
A91: 616.75 | B91: 658.5 | C91: 6.62 | D91: 441.75 | E91: 1134.75 | F91: 305.6 | G91: 69.31 | H91: 4574 | I91: 9507 | J91: 2999 | K91: 8290 | L91: 2214 | M91: 9803 | N91: 519.25 | O91: 768.7 | P91: 1.815 | Q91: 3.081 | R91: 846.75 | S91: 74.72 | T91: 78.87 | U91: 2.3951
A92: 612 | B92: 654 | C92: 6.6475 | D92: 440.25 | E92: 1132 | F92: 304.8 | G92: 69.67 | H92: 4598 | I92: 9626 | J92: 3000 | K92: 8331 | L92: 2210 | M92: 9858 | N92: 528 | O92: 774.2 | P92: 1.85 | Q92: 3.1844 | R92: 871.25 | S92: 77.41 | T92: 81.69 | U92: 2.4579
A93: 614.75 | B93: 656.25 | C93: 6.68 | D93: 439.5 | E93: 1134 | F93: 304.5 | G93: 70.14 | H93: 4690 | I93: 9645 | J93: 3000 | K93: 8336 | L93: 2210 | M93: 9917 | N93: 533.25 | O93: 781.2 | P93: 1.8425 | Q93: 3.2968 | R93: 929.25 | S93: 80.31 | T93: 84.62 | U93: 2.5241
A94: 617.25 | B94: 655.5 | C94: 6.665 | D94: 446.75 | E94: 1138.5 | F94: 305.5 | G94: 70.93 | H94: 4679 | I94: 9570 | J94: 2980 | K94: 8297 | L94: 2196 | M94: 9866 | N94: 533.25 | O94: 783.2 | P94: 1.8675 | Q94: 3.3746 | R94: 924.25 | S94: 81.52 | T94: 85.89 | U94: 2.5583
A95: 614.25 | B95: 654.5 | C95: 6.6575 | D95: 445.25 | E95: 1132 | F95: 306.4 | G95: 70.58 | H95: 4667 | I95: 9609 | J95: 2978 | K95: 8307 | L95: 2202 | M95: 9910 | N95: 526.25 | O95: 776.8 | P95: 1.8775 | Q95: 3.3284 | R95: 912.5 | S95: 80.06 | T95: 84.58 | U95: 2.5271
A96: 613.75 | B96: 654.25 | C96: 6.665 | D96: 446 | E96: 1135.5 | F96: 309.1 | G96: 70.71 | H96: 4701 | I96: 9672 | J96: 2984 | K96: 8367 | L96: 2209 | M96: 9990 | N96: 527.5 | O96: 777.1 | P96: 1.89 | Q96: 3.3683 | R96: 936 | S96: 81.45 | T96: 85.96 | U96: 2.5565
A97: 611.5 | B97: 646.75 | C97: 6.6975 | D97: 446 | E97: 1137.5 | F97: 311.2 | G97: 70.81 | H97: 4677 | I97: 9760 | J97: 2996 | K97: 8428 | L97: 2223 | M97: 10069 | N97: 525.75 | O97: 771.9 | P97: 1.9 | Q97: 3.3327 | R97: 922.5 | S97: 79.46 | T97: 84.12 | U97: 2.5134
A98: 613.5 | B98: 648.5 | C98: 6.69 | D98: 451.75 | E98: 1141.5 | F98: 313.3 | G98: 72.25 | H98: 4712 | I98: 9967 | J98: 3024 | K98: 8553 | L98: 2245 | M98: 10258 | N98: 528.25 | O98: 793.9 | P98: 1.895 | Q98: 3.3762 | R98: 925.5 | S98: 80.46 | T98: 85.04 | U98: 2.5308
A99: 620.5 | B99: 652 | C99: 6.7175 | D99: 459.75 | E99: 1167.25 | F99: 319.2 | G99: 74 | H99: 4787 | I99: 9963 | J99: 3032 | K99: 8547 | L99: 2253 | M99: 10108 | N99: 538.5 | O99: 808 | P99: 1.91 | Q99: 3.4841 | R99: 948 | S99: 82.42 | T99: 86.91 | U99: 2.5895
A100: 635.25 | B100: 662.25 | C100: 6.815 | D100: 466.5 | E100: 1177.75 | F100: 320 | G100: 73.29 | I100: 9949 | J100: 3039 | K100: 8555 | L100: 2264 | M100: 9931 | N100: 532.5 | O100: 789.1 | P100: 1.9275 | Q100: 3.3775 | R100: 918 | S100: 80.96 | T100: 85.99 | U100: 2.5538
A101: 640.5 | B101: 673.5 | C101: 6.9425 | D101: 472.5 | E101: 1188.75 | F101: 319.1 | G101: 73.83 | I101: 9903 | J101: 3046 | K101: 8549 | L101: 2259 | M101: 9892 | N101: 533.5 | O101: 793.7 | P101: 1.945 | Q101: 3.3275 | R101: 926.5 | S101: 80.23 | T101: 84.88 | U101: 2.5142
A102: 643 | B102: 677 | C102: 7.0725 | D102: 475 | E102: 1190 | F102: 320.3 | G102: 72.44 | H102: 4649 | I102: 9795 | J102: 3058 | K102: 8507 | L102: 2258 | M102: 9837 | N102: 530 | O102: 780.7 | P102: 1.9475 | Q102: 3.2136 | R102: 886 | S102: 78.29 | T102: 82.94 | U102: 2.4575
A103: 656.25 | B103: 692.25 | C103: 7.1975 | D103: 482.25 | E103: 1194 | F103: 323.6 | G103: 71.62 | H103: 4635 | I103: 9754 | J103: 3049 | K103: 8461 | L103: 2256 | M103: 9751 | N103: 531.25 | O103: 786.1 | P103: 1.95 | Q103: 3.2685 | R103: 897.5 | S103: 79.59 | T103: 84.47 | U103: 2.4969
A104: 655.75 | B104: 697.25 | C104: 7.2325 | D104: 477.5 | E104: 1181.5 | F104: 320.7 | G104: 70.27 | I104: 9714 | J104: 3043 | K104: 8431 | L104: 2259 | M104: 9673 | N104: 528.5 | O104: 775.5 | P104: 1.9375 | Q104: 3.2303 | R104: 896.75 | S104: 78.07 | T104: 83.06 | U104: 2.4617
A105: 668.5 | B105: 704.25 | C105: 7.3075 | D105: 482 | E105: 1180.25 | F105: 319.4 | G105: 69.75 | H105: 4610 | I105: 9679 | J105: 3039 | K105: 8409 | L105: 2263 | M105: 9641 | N105: 528.25 | O105: 768.1 | P105: 1.95 | Q105: 3.2609 | R105: 912.75 | S105: 80.01 | T105: 84.94 | U105: 2.516
H106: 4567 | I106: 9627 | J106: 3051 | K106: 8414 | L106: 2279 | M106: 9646 | N106: 519.5 | O106: 755 | R106: 899.5 | T106: 83.31
A107: 679 | B107: 709 | C107: 7.275 | D107: 486.5 | E107: 1187.75 | F107: 322.4 | G107: 69.38 | H107: 4578 | I107: 9650 | J107: 3048 | K107: 8475 | L107: 2277 | M107: 9692 | N107: 529.75 | O107: 768.4 | P107: 1.9625 | Q107: 3.3188 | R107: 929.25 | S107: 81.43 | T107: 86.38 | U107: 2.5767
A108: 680.75 | B108: 713.25 | C108: 7.2875 | D108: 485 | E108: 1186.75 | F108: 321.8 | G108: 69.3 | H108: 4563 | I108: 9789 | J108: 3055 | K108: 8531 | L108: 2290 | M108: 9779 | N108: 527 | O108: 767.8 | P108: 1.95 | Q108: 3.2887 | R108: 953 | S108: 81.19 | T108: 85.96 | U108: 2.5402
A109: 692.25 | B109: 723.5 | C109: 7.3475 | D109: 489.25 | E109: 1193.5 | F109: 324.4 | G109: 69.87 | H109: 4658 | I109: 9834 | J109: 3079 | K109: 8568 | L109: 2306 | M109: 9805 | N109: 528.75 | O109: 766.9 | P109: 1.9425 | Q109: 3.3405 | R109: 938.25 | S109: 81.45 | T109: 86.31 | U109: 2.5744
...

Sheet Volatility
A1: Date | B1: Wheat | C1: K Wheat | D1: M Wheat | E1: Corn | F1: SB | G1: SBM | H1: SBO | I1: CPO | J1: DCP | K1: DSM | L1: DBY | M1: ZZRSM | N1: ZZRSO | O1: RS EUR | P1: RS CAD | Q1: Ethanol | R1: Heating Oil | S1: LGO | T1: LightCrude | U1: BrentCrude | V1: RBOB | AC1: =VaR!AD1 -> 60 | AF1: {=_xlfn._xlws.PY(0,1,Table2__2[#All])} -> #VALUE! | AH1: {=_xlfn._xlws.PY(4,1,AC1)} -> #VALUE!
A2: 46311 | B2: 660.5 | C2: 704 | D2: 6.765 | E2: 474.25 | F2: 1261.25 | G2: 357.1 | H2: 67.13 | I2: 4676 | J2: 9418 | K2: 3299 | L2: 8834 | M2: 2345 | N2: 10311 | O2: 552 | P2: 811.6 | Q2: 2.1 | R2: 4.7232 | S2: 1369.5 | T2: 99.02 | U2: 106.82 | V2: 3.1443
A3: 46310 | B3: 670 | C3: 713 | D3: 6.86 | E3: 478 | F3: 1263 | G3: 359.8 | H3: 67.15 | I3: 4619 | J3: 9566 | K3: 3340 | L3: 8921 | M3: 2370 | N3: 10318 | O3: 554.75 | P3: 813.7 | Q3: 2.095 | R3: 4.6545 | S3: 1386.75 | T3: 96.5 | U3: 103.17 | V3: 3.0798 | AH3: {=_xlfn._xlws.PY(5,0)} -> #VALUE!
A4: 46309 | B4: 673.25 | C4: 715 | D4: 6.9 | E4: 480.75 | F4: 1277.25 | G4: 364.5 | H4: 67.06 | I4: 4700 | J4: 9741 | K4: 3373 | L4: 9033 | M4: 2393 | N4: 10459 | O4: 559.25 | P4: 824.6 | Q4: 2.075 | R4: 4.7508 | S4: 1404 | T4: 93.9 | U4: 103.4 | V4: 3.142
A5: 46308 | B5: 669.25 | C5: 712.25 | D5: 6.94 | E5: 482.75 | F5: 1283.75 | G5: 363.2 | H5: 68.02 | I5: 4682 | J5: 9639 | K5: 3373 | L5: 8962 | M5: 2378 | N5: 10394 | O5: 559.25 | P5: 826.6 | Q5: 2.09 | R5: 4.7766 | S5: 1410.75 | T5: 93.17 | U5: 102.91 | V5: 3.1338
A6: 46307 | B6: 672.25 | C6: 715.25 | D6: 6.9625 | E6: 483 | F6: 1287.75 | G6: 368.7 | H6: 68.63 | I6: 4637 | J6: 9700 | K6: 3383 | L6: 9008 | M6: 2368 | N6: 10374 | O6: 552.25 | Q6: 2.11 | R6: 4.5868 | S6: 1371.25 | T6: 92.86 | U6: 103.2 | V6: 3.1706
A7: 46304 | B7: 671 | C7: 719.25 | D7: 6.9525 | E7: 479.75 | F7: 1292 | G7: 365.6 | H7: 68.02 | I7: 4592 | J7: 9662 | K7: 3389 | L7: 8995 | M7: 2365 | N7: 10301 | O7: 555.75 | P7: 829.8 | Q7: 2.0675 | R7: 4.5884 | S7: 1376 | T7: 91.01 | U7: 101.25 | V7: 3.1534
A8: 46303 | B8: 683.25 | C8: 736.25 | D8: 7.06 | E8: 500.25 | F8: 1287.5 | G8: 357.6 | H8: 67.92 | I8: 4661 | J8: 9564 | K8: 3388 | L8: 8933 | M8: 2352 | N8: 10277 | O8: 557.25 | P8: 828.9 | Q8: 2.085 | R8: 4.7165 | S8: 1391.25 | T8: 90.75 | U8: 100.96 | V8: 3.1596
A9: 46302 | B9: 686.5 | C9: 738.5 | D9: 7.1025 | E9: 502 | F9: 1297.5 | G9: 365.8 | H9: 67.68 | I9: 4524 | O9: 552.75 | P9: 822.9 | Q9: 2.07 | R9: 4.4766 | S9: 1333 | T9: 87.55 | U9: 97.45 | V9: 3.0711
A10: 46301 | B10: 704.25 | C10: 756.25 | D10: 7.1975 | E10: 508 | F10: 1303 | G10: 354.8 | H10: 69.91 | I10: 4560 | O10: 561 | P10: 839 | Q10: 2.08 | R10: 4.4231 | S10: 1257 | T10: 88.43 | U10: 97.59 | V10: 3.088
A11: 46300 | B11: 692.25 | C11: 742.25 | D11: 7.085 | E11: 497.25 | F11: 1280.75 | G11: 347.1 | H11: 69.35 | I11: 4578 | O11: 558 | P11: 832.8 | Q11: 2.055 | R11: 4.4001 | S11: 1301.5 | T11: 88.2 | U11: 97.58 | V11: 3.0719
A12: 46297 | B12: 683 | C12: 735.25 | D12: 6.98 | E12: 497.75 | F12: 1278.25 | G12: 347.5 | H12: 68.62 | I12: 4535 | O12: 555.25 | P12: 828.7 | Q12: 2.1 | R12: 4.3573 | S12: 1265.5 | T12: 89.43 | U12: 98.71 | V12: 3.1119
A13: 46296 | B13: 682.75 | C13: 737.5 | D13: 6.9675 | E13: 502.25 | F13: 1284 | G13: 353.3 | H13: 67.38 | I13: 4554 | O13: 551.75 | P13: 825.2 | Q13: 2.115 | R13: 4.4906 | S13: 1335.75 | T13: 90.84 | U13: 98.43 | V13: 3.1729
A14: 46295 | B14: 675.75 | C14: 733 | D14: 6.9325 | E14: 500.75 | F14: 1293 | G14: 356.9 | H14: 68.28 | I14: 4610 | J14: 9593 | K14: 3369 | L14: 8934 | M14: 2332 | N14: 10217 | O14: 554 | Q14: 2.14 | R14: 4.5068 | S14: 1350.25 | T14: 88.42 | U14: 95.09 | V14: 3.0472
A15: 46294 | B15: 692.75 | C15: 743 | D15: 6.9925 | E15: 522 | F15: 1297.75 | G15: 359 | H15: 68.36 | I15: 4624 | J15: 9571 | K15: 3347 | L15: 8855 | M15: 2298 | N15: 10044 | O15: 557.75 | P15: 837.1 | Q15: 2.145 | R15: 4.3323 | S15: 1297.25 | T15: 87.25 | U15: 93.51 | V15: 2.9459
A16: 46293 | B16: 688.75 | C16: 745.75 | D16: 7.0175 | E16: 523 | F16: 1288.25 | G16: 359.4 | H16: 67.66 | I16: 4664 | J16: 9675 | K16: 3386 | L16: 8883 | M16: 2337 | N16: 10134 | O16: 548.25 | P16: 821.8 | Q16: 2.185 | R16: 4.3681 | S16: 1336.75 | T16: 89.01 | U16: 94.4 | V16: 2.968
A17: 46290 | B17: 703.25 | C17: 762 | D17: 7.135 | E17: 528.25 | F17: 1319 | G17: 371 | H17: 67.84 | I17: 4672 | O17: 557.5 | P17: 841.4 | Q17: 2.21 | R17: 4.3746 | S17: 1346.25 | T17: 88.71 | U17: 94.11 | V17: 2.9827
A18: 46289 | B18: 707 | C18: 767 | D18: 7.2025 | E18: 527.5 | F18: 1317.5 | G18: 372.4 | H18: 67.55 | I18: 4772 | J18: 9787 | K18: 3405 | L18: 8943 | M18: 2347 | N18: 10236 | O18: 557.75 | P18: 841.2 | Q18: 2.18 | R18: 4.4197 | S18: 1385.5 | T18: 90.9 | U18: 96.42 | V18: 3.095
A19: 46288 | B19: 708.5 | C19: 771.75 | D19: 7.2875 | E19: 529 | F19: 1318 | G19: 370.6 | H19: 67.81 | I19: 4768 | J19: 9740 | K19: 3414 | L19: 8927 | M19: 2361 | N19: 10145 | O19: 561.75 | P19: 837.2 | Q19: 2.175 | R19: 4.5171 | S19: 1344 | T19: 89.51 | U19: 95.03 | V19: 3.0751
A20: 46287 | B20: 717.25 | C20: 781.25 | D20: 7.3625 | E20: 536.75 | F20: 1325.5 | G20: 370.7 | H20: 67.92 | I20: 4810 | J20: 9859 | K20: 3410 | L20: 8946 | M20: 2362 | N20: 10243 | O20: 560 | P20: 836.1 | Q20: 2.185 | R20: 4.5489 | S20: 1311 | T20: 87.98 | U20: 92.74 | V20: 2.9699
A21: 46286 | B21: 726.75 | C21: 794.5 | D21: 7.4625 | E21: 543 | F21: 1328 | G21: 368.4 | H21: 68.85 | I21: 4857 | J21: 9876 | K21: 3391 | L21: 8897 | M21: 2347 | N21: 10186 | O21: 563.25 | P21: 846.8 | Q21: 2.19 | R21: 4.4851 | S21: 1305.75 | T21: 89.16 | U21: 93.4 | V21: 2.9445
A22: 46283 | B22: 714.25 | C22: 783.75 | D22: 7.4125 | E22: 527.5 | F22: 1303.5 | G22: 358.6 | H22: 68.22 | I22: 4898 | J22: 9907 | K22: 3429 | L22: 8905 | M22: 2389 | N22: 10113 | O22: 557.25 | P22: 833 | Q22: 2.16 | R22: 4.5875 | S22: 1351.75 | T22: 92.05 | U22: 96.03 | V22: 3.0015
A23: 46282 | B23: 727 | C23: 794.5 | D23: 7.525 | E23: 530.5 | F23: 1319.75 | G23: 371.3 | H23: 69.15 | I23: 4936 | J23: 10070 | K23: 3480 | L23: 9017 | M23: 2421 | N23: 10211 | O23: 556 | P23: 844.1 | Q23: 2.135 | R23: 4.6262 | S23: 1338.25 | T23: 92.61 | U23: 96.15 | V23: 2.9994
A24: 46281 | B24: 730.75 | C24: 799.5 | D24: 7.56 | E24: 534.25 | F24: 1320.5 | G24: 365.6 | H24: 69.67 | J24: 10066 | K24: 3434 | L24: 9000 | M24: 2372 | N24: 10169 | O24: 556.75 | P24: 837.8 | Q24: 2.105 | R24: 4.7155 | S24: 1364 | T24: 92.79 | U24: 96.69 | V24: 2.9871
A25: 46280 | B25: 728.5 | C25: 796.25 | D25: 7.485 | E25: 535.75 | F25: 1318.75 | G25: 365.4 | H25: 70.35 | I25: 4998 | J25: 10031 | K25: 3374 | L25: 8960 | M25: 2330 | N25: 10101 | O25: 558.5 | P25: 840.9 | Q25: 2.105 | R25: 4.7352 | S25: 1391.75 | T25: 95.51 | U25: 98.75 | V25: 3.0293
A26: 46279 | B26: 722 | C26: 792.5 | D26: 7.3625 | E26: 533.25 | F26: 1304.25 | G26: 356.2 | H26: 70.19 | I26: 4958 | J26: 10038 | K26: 3384 | L26: 9024 | M26: 2349 | N26: 10192 | O26: 555.5 | P26: 834.3 | Q26: 2.07 | R26: 4.54 | S26: 1320.25 | T26: 92.6 | U26: 96.85 | V26: 2.9522
A27: 46276 | B27: 725.25 | C27: 798.5 | D27: 7.45 | E27: 530.25 | F27: 1296.5 | G27: 352.8 | H27: 69.68 | I27: 4944 | J27: 10151 | K27: 3422 | L27: 9103 | M27: 2369 | N27: 10226 | O27: 553 | P27: 827.1 | Q27: 2.065 | R27: 4.5584 | S27: 1320.5 | T27: 91.43 | U27: 95.69 | V27: 2.939
A28: 46275 | B28: 741.25 | C28: 818.75 | D28: 7.625 | E28: 533.75 | F28: 1332.25 | G28: 356.9 | H28: 71.92 | I28: 5033 | J28: 10177 | K28: 3399 | L28: 9054 | M28: 2358 | N28: 10248 | O28: 559.25 | P28: 849.4 | Q28: 2.06 | R28: 4.6271 | S28: 1323.25 | T28: 93.93 | U28: 98.36 | V28: 3.024
A29: 46274 | B29: 728.75 | C29: 806.25 | D29: 7.48 | E29: 527.75 | F29: 1309.5 | G29: 351.4 | H29: 70.57 | I29: 5109 | J29: 10306 | K29: 3397 | L29: 9122 | M29: 2376 | N29: 10392 | O29: 559 | P29: 841.2 | Q29: 2.03 | R29: 4.4346 | S29: 1257.75 | T29: 89.32 | U29: 93.6 | V29: 2.8969
A30: 46273 | B30: 747 | C30: 819 | D30: 7.54 | E30: 533.5 | F30: 1316.25 | G30: 349.8 | H30: 70.7 | I30: 5115 | J30: 10421 | K30: 3415 | L30: 9210 | M30: 2398 | N30: 10377 | O30: 558.75 | P30: 848.3 | Q30: 2.055 | R30: 4.2527 | S30: 1225 | T30: 87.14 | U30: 91.3 | V30: 2.8931
A31: 46272 | I31: 5110 | J31: 10264 | K31: 3404 | L31: 9142 | M31: 2400 | N31: 10238 | O31: 556.5 | S31: 1237.25 | U31: 89.94
A32: 46269 | B32: 734 | C32: 802.25 | D32: 7.45 | E32: 536.75 | F32: 1309.75 | G32: 355.1 | H32: 69.27 | I32: 5054 | J32: 10212 | K32: 3402 | L32: 9144 | M32: 2397 | N32: 10152 | O32: 553.5 | P32: 832.7 | Q32: 2.08 | R32: 4.2091 | S32: 1200 | T32: 85.46 | U32: 89.15 | V32: 2.8345
A33: 46268 | B33: 754.25 | C33: 815.5 | D33: 7.655 | E33: 540.75 | F33: 1316.25 | G33: 355.5 | H33: 70.04 | I33: 5018 | J33: 10270 | K33: 3386 | L33: 9182 | M33: 2393 | N33: 10226 | O33: 553 | P33: 839.5 | Q33: 2.095 | R33: 4.2399 | S33: 1218.5 | T33: 84.79 | U33: 88.32 | V33: 2.7993
A34: 46267 | B34: 774 | C34: 834.25 | D34: 7.82 | E34: 543.5 | F34: 1310.25 | G34: 349.6 | H34: 70.96 | I34: 5065 | J34: 10262 | K34: 3376 | L34: 9135 | M34: 2379 | N34: 10279 | O34: 554.5 | P34: 835.9 | Q34: 2.085 | R34: 4.2959 | S34: 1221.25 | T34: 85.25 | U34: 88.98 | V34: 2.7899
A35: 46266 | B35: 782.5 | C35: 845.25 | D35: 7.7675 | E35: 546 | F35: 1317.75 | G35: 352.6 | H35: 72.63 | I35: 5072 | J35: 10293 | K35: 3357 | L35: 9072 | M35: 2362 | N35: 10234 | O35: 558.5 | P35: 852.3 | Q35: 2.075 | R35: 4.3085 | S35: 1207.75 | T35: 84.97 | U35: 88.67 | V35: 2.8125
A36: 46265 | B36: 774 | C36: 838 | D36: 7.63 | E36: 537.75 | F36: 1288 | G36: 345.3 | H36: 71.12 | J36: 10241 | K36: 3353 | L36: 9013 | M36: 2367 | N36: 10240 | O36: 546.5 | P36: 823.3 | Q36: 2.045 | R36: 4.0753 | S36: 1157.25 | T36: 82.07 | U36: 86.15 | V36: 2.7321
A37: 46262 | B37: 784 | C37: 844.25 | D37: 7.6925 | E37: 536.5 | F37: 1288 | G37: 348.9 | H37: 71.06 | I37: 4988 | J37: 10089 | K37: 3344 | L37: 8908 | M37: 2372 | N37: 10167 | O37: 548.25 | P37: 833.2 | Q37: 2.0375 | R37: 3.9421 | S37: 1117.25 | T37: 80 | U37: 84.16 | V37: 2.6839
A38: 46261 | B38: 760.75 | C38: 822 | D38: 7.5775 | E38: 533.5 | F38: 1268 | G38: 340.9 | H38: 68.51 | I38: 4907 | J38: 10060 | K38: 3324 | L38: 8818 | M38: 2357 | N38: 10134 | O38: 542.5 | P38: 813.6 | Q38: 2.0075 | R38: 3.8963 | S38: 1090.5 | T38: 80.11 | U38: 84.23 | V38: 2.6473
A39: 46260 | B39: 748.25 | C39: 808.75 | D39: 7.48 | E39: 536.5 | F39: 1266 | G39: 339.3 | H39: 67.74 | I39: 4931 | J39: 10039 | K39: 3266 | L39: 8760 | M39: 2306 | N39: 10105 | O39: 541.5 | P39: 808.3 | Q39: 2.0525 | R39: 3.8576 | S39: 1105.25 | T39: 79.27 | U39: 83.38 | V39: 2.6099
A40: 46259 | B40: 703.25 | C40: 770.75 | D40: 7.2 | E40: 523.5 | F40: 1237.75 | G40: 329.2 | H40: 67.78 | J40: 10064 | K40: 3228 | L40: 8748 | M40: 2267 | N40: 10112 | O40: 536 | P40: 799.6 | Q40: 2.05 | R40: 3.8728 | S40: 1110.5 | T40: 79.15 | U40: 83.45 | V40: 2.6012
A41: 46258 | B41: 699.5 | C41: 767.25 | D41: 7.2125 | E41: 515.5 | F41: 1224.25 | G41: 328.6 | H41: 67.31 | I41: 5013 | J41: 10178 | K41: 3240 | L41: 8811 | M41: 2275 | N41: 10248 | O41: 524.75 | P41: 779.4 | Q41: 2.105 | R41: 3.9138 | S41: 1127.25 | T41: 81.34 | U41: 85.96 | V41: 2.6465
A42: 46255 | B42: 699.25 | C42: 772.5 | D42: 7.245 | E42: 508.5 | F42: 1239.5 | G42: 325.8 | H42: 69.58 | I42: 5077 | J42: 10146 | K42: 3244 | L42: 8836 | M42: 2281 | N42: 10338 | O42: 541.25 | P42: 808.4 | Q42: 2.105 | R42: 4.0847 | S42: 1165.25 | T42: 83.02 | U42: 87.67 | V42: 2.7201
A43: 46254 | B43: 700 | C43: 776.5 | D43: 7.2775 | E43: 503.5 | F43: 1236.5 | G43: 323.8 | H43: 71.32 | I43: 5025 | J43: 10082 | K43: 3264 | L43: 8809 | M43: 2304 | N43: 10400 | O43: 547.25 | P43: 828.9 | Q43: 2.0625 | R43: 4.0875 | S43: 1151 | T43: 82.67 | U43: 87 | V43: 2.7173
A44: 46253 | B44: 697.5 | C44: 776.75 | D44: 7.2025 | E44: 498 | F44: 1237.25 | G44: 325.6 | H44: 69.96 | I44: 4972 | J44: 9970 | K44: 3246 | L44: 8722 | M44: 2292 | N44: 10219 | O44: 553 | P44: 827.9 | Q44: 2.025 | R44: 4.0114 | S44: 1136.25 | T44: 81.07 | U44: 85.36 | V44: 2.6799
A45: 46252 | B45: 681.25 | C45: 758.5 | D45: 7.0375 | E45: 488 | F45: 1216.75 | G45: 318.8 | H45: 69.63 | I45: 4943 | J45: 9896 | K45: 3218 | L45: 8644 | M45: 2270 | N45: 10198 | O45: 547.5 | P45: 814.9 | Q45: 2.0225 | R45: 4.0084 | S45: 1128 | T45: 81.2 | U45: 85.59 | V45: 2.689
A46: 46251 | B46: 689.25 | C46: 771.75 | D46: 7.03 | E46: 489.5 | F46: 1216 | G46: 318.7 | H46: 70.82 | I46: 4903 | J46: 9808 | K46: 3174 | L46: 8547 | M46: 2246 | N46: 10146 | O46: 550.5 | P46: 836.3 | Q46: 2.0125 | R46: 3.9882 | S46: 1105.25 | T46: 80.83 | U46: 85.03 | V46: 2.6642
A47: 46248 | B47: 689.5 | C47: 767.75 | D47: 7.0425 | E47: 483.25 | F47: 1192.5 | G47: 316.3 | H47: 68.97 | I47: 4879 | J47: 9767 | K47: 3154 | L47: 8500 | M47: 2238 | N47: 10087 | O47: 547.5 | P47: 826.4 | Q47: 1.995 | R47: 3.8681 | S47: 1079 | T47: 78.49 | U47: 82.64 | V47: 2.6105
A48: 46247 | B48: 668.25 | C48: 734.75 | D48: 6.9375 | E48: 472 | F48: 1182.25 | G48: 314 | H48: 68.38 | I48: 4862 | J48: 9699 | K48: 3154 | L48: 8453 | M48: 2233 | N48: 9969 | O48: 542.25 | P48: 811.1 | Q48: 1.955 | R48: 3.841 | S48: 1086.75 | T48: 77.6 | U48: 81.79 | V48: 2.5807
A49: 46246 | B49: 669.75 | C49: 737.75 | D49: 6.98 | E49: 480.75 | F49: 1183.25 | G49: 315.1 | H49: 68.76 | I49: 4828 | J49: 9696 | K49: 3131 | L49: 8443 | M49: 2227 | N49: 9935 | O49: 538.25 | P49: 803.6 | Q49: 1.9625 | R49: 3.8706 | S49: 1079.5 | T49: 78.79 | U49: 82.91 | V49: 2.6077
A50: 46245 | B50: 648.25 | C50: 716 | D50: 6.845 | E50: 460.5 | F50: 1168.75 | G50: 310.9 | H50: 68.12 | I50: 4868 | J50: 9743 | K50: 3139 | L50: 8460 | M50: 2234 | N50: 9961 | O50: 536.25 | P50: 791.2 | Q50: 1.9275 | R50: 3.8114 | S50: 1055.25 | T50: 78.58 | U50: 82.73 | V50: 2.6052
A51: 46244 | B51: 659.25 | C51: 731.25 | D51: 6.95 | E51: 461.75 | F51: 1179.5 | G51: 311.6 | H51: 69.14 | I51: 4836 | J51: 9700 | K51: 3146 | L51: 8456 | M51: 2242 | N51: 9934 | O51: 540.25 | P51: 804.8 | Q51: 1.9425 | R51: 3.7948 | S51: 1055.25 | T51: 78.49 | U51: 82.57 | V51: 2.5985
A52: 46241 | B52: 658.25 | C52: 730.5 | D52: 7.0225 | E52: 462 | F52: 1176.25 | G52: 313.4 | H52: 67.88 | I52: 4785 | J52: 9662 | K52: 3144 | L52: 8434 | M52: 2235 | N52: 9909 | O52: 535 | P52: 788.8 | Q52: 1.94 | R52: 3.5827 | S52: 1003.75 | T52: 74.64 | U52: 78.68 | V52: 2.49
... A55: 46238 | B55: 657.25 | C55: 724.5 | D55: 7.0925 | E55: 465.5 | F55: 1177.75 | G55: 318.4 | H55: 67.52 | I55: 4764 | J55: 9581 | K55: 3131 | L55: 8430 | M55: 2242 | N55: 9825 | O55: 520 | P55: 770.7 | Q55: 1.915 | R55: 3.4308 | S55: 959.75 | T55: 72.03 | U55: 75.97 | V55: 2.3826
A56: 46237 | B56: 669.25 | C56: 734 | D56: 7.2 | E56: 472.5 | F56: 1192.25 | G56: 321.6 | H56: 68.14 | I56: 4697 | J56: 9561 | K56: 3126 | L56: 8398 | M56: 2242 | N56: 9759 | O56: 523.5 | Q56: 1.9325 | R56: 3.5009 | S56: 989.5 | T56: 73.94 | U56: 77.99 | V56: 2.4605
A57: 46234 | B57: 657.5 | C57: 723.75 | D57: 7.145 | E57: 464 | F57: 1187.5 | G57: 321.2 | H57: 66.9 | I57: 4704 | J57: 9608 | K57: 3135 | L57: 8412 | M57: 2244 | N57: 9761 | O57: 512.5 | P57: 767.5 | Q57: 1.9125 | R57: 3.63 | S57: 1029.25 | T57: 76.44 | U57: 80.59 | V57: 2.5502
A58: 46233 | B58: 681.5 | C58: 746.75 | D58: 7.355 | E58: 468.5 | F58: 1188.75 | G58: 322.8 | H58: 67.29 | I58: 4743 | J58: 9628 | K58: 3141 | L58: 8424 | M58: 2256 | N58: 9784 | O58: 527.25 | P58: 777.6 | Q58: 1.92 | R58: 3.6085 | S58: 1009.75 | T58: 76.12 | U58: 80.21 | V58: 2.544
A59: 46232 | B59: 677.75 | C59: 740.75 | D59: 7.2825 | E59: 471.75 | F59: 1192.75 | G59: 323.5 | H59: 67.62 | I59: 4724 | J59: 9637 | K59: 3171 | L59: 8454 | M59: 2298 | N59: 9814 | O59: 530.75 | P59: 780.9 | Q59: 1.9275 | R59: 3.6737 | S59: 1018.5 | T59: 77.74 | U59: 81.96 | V59: 2.6069
A60: 46231 | B60: 679.75 | C60: 742 | D60: 7.2525 | E60: 480.5 | F60: 1220 | G60: 327.8 | H60: 68.93 | I60: 4705 | J60: 9612 | K60: 3177 | L60: 8455 | M60: 2305 | N60: 9844 | O60: 530.75 | P60: 792.2 | Q60: 1.93 | R60: 3.5015 | S60: 967.5 | T60: 73.85 | U60: 77.68 | V60: 2.5087
A61: 46230 | B61: 677.5 | C61: 745.5 | D61: 7.285 | E61: 474 | F61: 1213.75 | G61: 324.1 | H61: 69.58 | I61: 4732 | J61: 9711 | K61: 3230 | L61: 8543 | M61: 2349 | N61: 10002 | O61: 536.5 | P61: 799.7 | Q61: 1.9125 | R61: 3.5548 | S61: 991.25 | T61: 76.53 | U61: 80.71 | V61: 2.5621
A62: 46227 | B62: 695.5 | C62: 761.5 | D62: 7.3775 | E62: 487.5 | F62: 1253.5 | G62: 335.2 | H62: 72.01 | I62: 4779 | J62: 9817 | K62: 3246 | L62: 8610 | M62: 2356 | N62: 10132 | O62: 550 | P62: 833.6 | Q62: 1.93 | R62: 3.639 | S62: 1003.5 | T62: 79.33 | U62: 83.74 | V62: 2.6393
A63: 46226 | B63: 713.75 | C63: 775.75 | D63: 7.53 | E63: 487.5 | F63: 1243.75 | G63: 331.9 | H63: 72.98 | I63: 4768 | J63: 9714 | K63: 3237 | L63: 8526 | M63: 2325 | N63: 10009 | O63: 561.75 | P63: 845.6 | Q63: 1.9225 | R63: 3.7241 | S63: 1044.25 | T63: 80.1 | U63: 84.84 | V63: 2.6842
A64: 46225 | B64: 722.75 | C64: 779 | D64: 7.525 | E64: 484.75 | F64: 1239 | G64: 332.9 | H64: 72.82 | I64: 4683 | J64: 9546 | K64: 3198 | L64: 8488 | M64: 2298 | N64: 9887 | O64: 555 | P64: 832.5 | Q64: 1.9125 | R64: 3.6101 | S64: 1002.75 | T64: 78.64 | U64: 83.12 | V64: 2.6313
A65: 46224 | B65: 696 | C65: 749.5 | D65: 7.2825 | E65: 475.25 | F65: 1222.75 | G65: 327.3 | H65: 71.63 | I65: 4679 | J65: 9573 | K65: 3195 | L65: 8560 | M65: 2284 | N65: 9951 | O65: 552.5 | P65: 812.9 | Q65: 1.9025 | R65: 3.573 | S65: 990.5 | T65: 78.24 | U65: 82.51 | V65: 2.6149
A66: 46223 | B66: 691.5 | C66: 739 | D66: 7.1725 | E66: 473 | F66: 1226.25 | G66: 323.8 | H66: 72.13 | I66: 4705 | J66: 9623 | K66: 3157 | L66: 8581 | M66: 2260 | N66: 9936 | O66: 556.25 | P66: 819.8 | Q66: 1.9075 | R66: 3.5451 | S66: 976 | T66: 77.83 | U66: 82.12 | V66: 2.595
A67: 46220 | B67: 699.75 | C67: 746.75 | D67: 7.1675 | E67: 467.5 | F67: 1203 | G67: 318.5 | H67: 72.43 | I67: 4663 | J67: 9535 | K67: 3135 | L67: 8543 | M67: 2246 | N67: 9890 | O67: 548 | P67: 803.8 | Q67: 1.89 | R67: 3.5142 | S67: 968 | T67: 77.65 | U67: 82.02 | V67: 2.5861
A68: 46219 | B68: 691 | C68: 731.25 | D68: 7.085 | E68: 464 | F68: 1195 | G68: 322.4 | H68: 70.57 | I68: 4668 | J68: 9552 | K68: 3139 | L68: 8575 | M68: 2257 | N68: 9897 | O68: 544 | P68: 792.2 | Q68: 1.8825 | R68: 3.4829 | S68: 957 | T68: 75.43 | U68: 79.91 | V68: 2.5197
... A76: 46209 | B76: 628.5 | C76: 664.25 | D76: 6.51 | E76: 457.75 | F76: 1192.25 | G76: 313.5 | H76: 66.63 | I76: 4616 | J76: 9486 | K76: 3064 | L76: 8445 | M76: 2230 | N76: 9611 | O76: 521.25 | P76: 766.1 | Q76: 1.8875 | R76: 3.0368 | S76: 823.25 | T76: 68.43 | U76: 72.45 | V76: 2.3022
A77: 46206 | I77: 4559 | J77: 9430 | K77: 3033 | L77: 8390 | M77: 2217 | N77: 9523 | O77: 515.25 | P77: 747.8 | S77: 806.75 | U77: 72.25
A78: 46205 | B78: 614 | C78: 652.25 | D78: 6.4 | E78: 441.5 | F78: 1147.75 | G78: 304.4 | H78: 65.43 | I78: 4586 | J78: 9496 | K78: 3037 | L78: 8404 | M78: 2222 | N78: 9539 | O78: 514.5 | P78: 745.4 | Q78: 1.855 | R78: 2.9463 | S78: 793.5 | T78: 68.34 | U78: 72.3 | V78: 2.2624
A79: 46204 | B79: 614.5 | C79: 649 | D79: 6.4175 | E79: 442.25 | F79: 1149.25 | G79: 304.7 | H79: 65.42 | I79: 4632 | J79: 9506 | K79: 3011 | L79: 8367 | M79: 2209 | N79: 9531 | O79: 516.75 | Q79: 1.8375 | R79: 2.959 | S79: 802 | T79: 68.13 | U79: 72.07 | V79: 2.2692
A80: 46203 | B80: 604.5 | C80: 640.25 | D80: 6.315 | E80: 436 | F80: 1143.75 | G80: 303.1 | H80: 65.35 | I80: 4615 | J80: 9570 | K80: 3008 | L80: 8408 | M80: 2218 | N80: 9647 | O80: 512.75 | P80: 743.9 | Q80: 1.83 | R80: 2.9624 | S80: 804.75 | T80: 68.35 | U80: 72.48 | V80: 2.2495
A81: 46202 | B81: 597 | C81: 629.5 | D81: 6.255 | E81: 430 | F81: 1139 | G81: 302.8 | H81: 66.65 | I81: 4653 | J81: 9565 | K81: 3021 | L81: 8418 | M81: 2240 | N81: 9654 | O81: 519.25 | P81: 752.7 | Q81: 1.8275 | R81: 2.9248 | S81: 794.75 | T81: 69.13 | U81: 72.97 | V81: 2.2617
A82: 46199 | B82: 607.25 | C82: 634.5 | D82: 6.3025 | E82: 441.5 | F82: 1156.25 | G82: 304.5 | H82: 67.09 | I82: 4631 | J82: 9519 | K82: 3019 | L82: 8368 | M82: 2232 | N82: 9563 | O82: 517.75 | P82: 753.4 | Q82: 1.8425 | R82: 2.8619 | S82: 775 | T82: 67.9 | U82: 71.85 | V82: 2.2186
A83: 46198 | B83: 618.25 | C83: 645.75 | D83: 6.3925 | E83: 443 | F83: 1157 | G83: 305 | H83: 67.19 | I83: 4623 | J83: 9421 | K83: 3001 | L83: 8302 | M83: 2222 | N83: 9529 | O83: 523 | P83: 756.7 | Q83: 1.8225 | R83: 2.9461 | S83: 797.75 | T83: 69.99 | U83: 74.06 | V83: 2.2757
A84: 46197 | B84: 612.75 | C84: 640.75 | D84: 6.405 | E84: 434.75 | F84: 1135 | G84: 300.1 | H84: 65.74 | I84: 4709 | J84: 9599 | K84: 3005 | L84: 8333 | M84: 2242 | N84: 9674 | O84: 520.5 | P84: 753.6 | Q84: 1.785 | R84: 2.8942 | S84: 785.5 | T84: 68.51 | U84: 72.72 | V84: 2.2352
A85: 46196 | B85: 613.75 | C85: 639.5 | D85: 6.4125 | E85: 437.25 | F85: 1141.75 | G85: 301.3 | H85: 66.58 | I85: 4733 | J85: 9644 | K85: 2992 | L85: 8315 | M85: 2221 | N85: 9642 | O85: 521.5 | P85: 757.2 | Q85: 1.775 | R85: 2.9384 | S85: 801.5 | T85: 70.73 | U85: 75.02 | V85: 2.29
A86: 46195 | B86: 624 | C86: 654.25 | D86: 6.615 | E86: 439.5 | F86: 1141.5 | G86: 303.4 | H86: 66.9 | I86: 4754 | J86: 9634 | K86: 2997 | L86: 8331 | M86: 2219 | N86: 9656 | O86: 516.75 | P86: 751.7 | Q86: 1.7825 | R86: 2.9147 | S86: 801.25 | T86: 70.99 | U86: 75.36 | V86: 2.2973
A87: 46192 | I87: 4710 | O87: 510.25 | P87: 741.2 | S87: 820.5 | U87: 77.14
A88: 46191 | B88: 630.25 | C88: 665.75 | D88: 6.705 | E88: 444 | F88: 1142.75 | G88: 303.3 | H88: 65.8 | I88: 4658 | J88: 9585 | K88: 3011 | L88: 8325 | M88: 2225 | N88: 9696 | O88: 509 | P88: 742.2 | Q88: 1.8125 | R88: 2.9483 | S88: 792.5 | T88: 72.49 | U88: 76.81 | V88: 2.329
A89: 46190 | B89: 636.75 | C89: 673.75 | D89: 6.7025 | E89: 448.75 | F89: 1149.25 | G89: 306.1 | H89: 67.17 | J89: 9616 | K89: 3020 | L89: 8346 | M89: 2229 | N89: 9772 | O89: 516 | P89: 755.1 | Q89: 1.7875 | R89: 2.9929 | S89: 825.5 | T89: 72.57 | U89: 76.72 | V89: 2.3242
A90: 46189 | B90: 621.75 | C90: 656.25 | D90: 6.575 | E90: 442.5 | F90: 1146.5 | G90: 307.2 | H90: 68.04 | I90: 4660 | J90: 9519 | K90: 2997 | L90: 8279 | M90: 2214 | N90: 9770 | O90: 515 | P90: 762.4 | Q90: 1.785 | R90: 2.9993 | S90: 826 | T90: 72.5 | U90: 76.66 | V90: 2.335
A91: 46188 | B91: 616.75 | C91: 658.5 | D91: 6.62 | E91: 441.75 | F91: 1134.75 | G91: 305.6 | H91: 69.31 | I91: 4574 | J91: 9507 | K91: 2999 | L91: 8290 | M91: 2214 | N91: 9803 | O91: 519.25 | P91: 768.7 | Q91: 1.815 | R91: 3.081 | S91: 846.75 | T91: 74.72 | U91: 78.87 | V91: 2.3951
A92: 46185 | B92: 612 | C92: 654 | D92: 6.6475 | E92: 440.25 | F92: 1132 | G92: 304.8 | H92: 69.67 | I92: 4598 | J92: 9626 | K92: 3000 | L92: 8331 | M92: 2210 | N92: 9858 | O92: 528 | P92: 774.2 | Q92: 1.85 | R92: 3.1844 | S92: 871.25 | T92: 77.41 | U92: 81.69 | V92: 2.4579
A93: 46184 | B93: 614.75 | C93: 656.25 | D93: 6.68 | E93: 439.5 | F93: 1134 | G93: 304.5 | H93: 70.14 | I93: 4690 | J93: 9645 | K93: 3000 | L93: 8336 | M93: 2210 | N93: 9917 | O93: 533.25 | P93: 781.2 | Q93: 1.8425 | R93: 3.2968 | S93: 929.25 | T93: 80.31 | U93: 84.62 | V93: 2.5241
A94: 46183 | B94: 617.25 | C94: 655.5 | D94: 6.665 | E94: 446.75 | F94: 1138.5 | G94: 305.5 | H94: 70.93 | I94: 4679 | J94: 9570 | K94: 2980 | L94: 8297 | M94: 2196 | N94: 9866 | O94: 533.25 | P94: 783.2 | Q94: 1.8675 | R94: 3.3746 | S94: 924.25 | T94: 81.52 | U94: 85.89 | V94: 2.5583
A95: 46182 | B95: 614.25 | C95: 654.5 | D95: 6.6575 | E95: 445.25 | F95: 1132 | G95: 306.4 | H95: 70.58 | I95: 4667 | J95: 9609 | K95: 2978 | L95: 8307 | M95: 2202 | N95: 9910 | O95: 526.25 | P95: 776.8 | Q95: 1.8775 | R95: 3.3284 | S95: 912.5 | T95: 80.06 | U95: 84.58 | V95: 2.5271
A96: 46181 | B96: 613.75 | C96: 654.25 | D96: 6.665 | E96: 446 | F96: 1135.5 | G96: 309.1 | H96: 70.71 | I96: 4701 | J96: 9672 | K96: 2984 | L96: 8367 | M96: 2209 | N96: 9990 | O96: 527.5 | P96: 777.1 | Q96: 1.89 | R96: 3.3683 | S96: 936 | T96: 81.45 | U96: 85.96 | V96: 2.5565
A97: 46178 | B97: 611.5 | C97: 646.75 | D97: 6.6975 | E97: 446 | F97: 1137.5 | G97: 311.2 | H97: 70.81 | I97: 4677 | J97: 9760 | K97: 2996 | L97: 8428 | M97: 2223 | N97: 10069 | O97: 525.75 | P97: 771.9 | Q97: 1.9 | R97: 3.3327 | S97: 922.5 | T97: 79.46 | U97: 84.12 | V97: 2.5134
A98: 46177 | B98: 613.5 | C98: 648.5 | D98: 6.69 | E98: 451.75 | F98: 1141.5 | G98: 313.3 | H98: 72.25 | I98: 4712 | J98: 9967 | K98: 3024 | L98: 8553 | M98: 2245 | N98: 10258 | O98: 528.25 | P98: 793.9 | Q98: 1.895 | R98: 3.3762 | S98: 925.5 | T98: 80.46 | U98: 85.04 | V98: 2.5308
A99: 46176 | B99: 620.5 | C99: 652 | D99: 6.7175 | E99: 459.75 | F99: 1167.25 | G99: 319.2 | H99: 74 | I99: 4787 | J99: 9963 | K99: 3032 | L99: 8547 | M99: 2253 | N99: 10108 | O99: 538.5 | P99: 808 | Q99: 1.91 | R99: 3.4841 | S99: 948 | T99: 82.42 | U99: 86.91 | V99: 2.5895
A100: 46175 | B100: 635.25 | C100: 662.25 | D100: 6.815 | E100: 466.5 | F100: 1177.75 | G100: 320 | H100: 73.29 | J100: 9949 | K100: 3039 | L100: 8555 | M100: 2264 | N100: 9931 | O100: 532.5 | P100: 789.1 | Q100: 1.9275 | R100: 3.3775 | S100: 918 | T100: 80.96 | U100: 85.99 | V100: 2.5538
A101: 46174 | B101: 640.5 | C101: 673.5 | D101: 6.9425 | E101: 472.5 | F101: 1188.75 | G101: 319.1 | H101: 73.83 | J101: 9903 | K101: 3046 | L101: 8549 | M101: 2259 | N101: 9892 | O101: 533.5 | P101: 793.7 | Q101: 1.945 | R101: 3.3275 | S101: 926.5 | T101: 80.23 | U101: 84.88 | V101: 2.5142
A102: 46171 | B102: 643 | C102: 677 | D102: 7.0725 | E102: 475 | F102: 1190 | G102: 320.3 | H102: 72.44 | I102: 4649 | J102: 9795 | K102: 3058 | L102: 8507 | M102: 2258 | N102: 9837 | O102: 530 | P102: 780.7 | Q102: 1.9475 | R102: 3.2136 | S102: 886 | T102: 78.29 | U102: 82.94 | V102: 2.4575
A103: 46170 | B103: 656.25 | C103: 692.25 | D103: 7.1975 | E103: 482.25 | F103: 1194 | G103: 323.6 | H103: 71.62 | I103: 4635 | J103: 9754 | K103: 3049 | L103: 8461 | M103: 2256 | N103: 9751 | O103: 531.25 | P103: 786.1 | Q103: 1.95 | R103: 3.2685 | S103: 897.5 | T103: 79.59 | U103: 84.47 | V103: 2.4969
A104: 46169 | B104: 655.75 | C104: 697.25 | D104: 7.2325 | E104: 477.5 | F104: 1181.5 | G104: 320.7 | H104: 70.27 | J104: 9714 | K104: 3043 | L104: 8431 | M104: 2259 | N104: 9673 | O104: 528.5 | P104: 775.5 | Q104: 1.9375 | R104: 3.2303 | S104: 896.75 | T104: 78.07 | U104: 83.06 | V104: 2.4617
A105: 46168 | B105: 668.5 | C105: 704.25 | D105: 7.3075 | E105: 482 | F105: 1180.25 | G105: 319.4 | H105: 69.75 | I105: 4610 | J105: 9679 | K105: 3039 | L105: 8409 | M105: 2263 | N105: 9641 | O105: 528.25 | P105: 768.1 | Q105: 1.95 | R105: 3.2609 | S105: 912.75 | T105: 80.01 | U105: 84.94 | V105: 2.516
A106: 46167 | I106: 4567 | J106: 9627 | K106: 3051 | L106: 8414 | M106: 2279 | N106: 9646 | O106: 519.5 | P106: 755 | S106: 899.5 | U106: 83.31
A107: 46164 | B107: 679 | C107: 709 | D107: 7.275 | E107: 486.5 | F107: 1187.75 | G107: 322.4 | H107: 69.38 | I107: 4578 | J107: 9650 | K107: 3048 | L107: 8475 | M107: 2277 | N107: 9692 | O107: 529.75 | P107: 768.4 | Q107: 1.9625 | R107: 3.3188 | S107: 929.25 | T107: 81.43 | U107: 86.38 | V107: 2.5767
A108: 46163 | B108: 680.75 | C108: 713.25 | D108: 7.2875 | E108: 485 | F108: 1186.75 | G108: 321.8 | H108: 69.3 | I108: 4563 | J108: 9789 | K108: 3055 | L108: 8531 | M108: 2290 | N108: 9779 | O108: 527 | P108: 767.8 | Q108: 1.95 | R108: 3.2887 | S108: 953 | T108: 81.19 | U108: 85.96 | V108: 2.5402
A109: 46162 | B109: 692.25 | C109: 723.5 | D109: 7.3475 | E109: 489.25 | F109: 1193.5 | G109: 324.4 | H109: 69.87 | I109: 4658 | J109: 9834 | K109: 3079 | L109: 8568 | M109: 2306 | N109: 9805 | O109: 528.75 | P109: 766.9 | Q109: 1.9425 | R109: 3.3405 | S109: 938.25 | T109: 81.45 | U109: 86.31 | V109: 2.5744
...
